{
"type": "FeatureCollection",
"name": "New Data Douars V2",
"crs": { "type": "name", "properties": { "name": "urn:ogc:def:crs:EPSG::26191" } },
"features": [
{"type":"Feature","properties":{"id":1,"PROVINCE":"SIDI BENNOUR","CERCLE":"OULED AMRANE","COMMUNE":"TAMDA","DOUAR":"EL KHADIR","ETAT":"ACHEVEE","SUP EN HA":19.44,"NB HABITAN":175,"CENTROID_X":219709.17,"CENTROID_Y":207396.15,"VALIDATION":"2025-07-10","OBSERVATIO":"N/A","PROVINCE_A":"سيدي بنور","CERCLE_AR":"أولاد عمران","COMMUNE_AR":"تامدة","DOUAR_AR":"الخدير","REF":"DD/SDB/TAM/1/2025","LISTE ORMV":"OK","VERSION":"V2","CHEMIN PDF":"Documents_Signés/SIDI BENNOUR/DD_SDB_TAM_1_2025.pdf"},"geometry":{"type":"MultiPolygon","coordinates":[[[[219803.895349076861748,207614.792784987395862],[219892.78984234581003,207578.378173286851961],[219946.34074190541287,207531.253381674381671],[219967.761101729265647,207476.631464123580372],[219943.127687931846594,207357.74846710122074],[219906.713076231302693,207323.475891383073758],[219888.505770381045295,207288.132297673728317],[219908.870299322967185,207247.997942026879173],[219897.247571839252487,207219.328547566983616],[219720.591775490785949,207147.578460776712745],[219665.285633652412798,207119.422606749925762],[219583.834770217741607,207118.417040534666739],[219549.645518899458693,207253.162913377251243],[219507.411737859249115,207246.123949870525394],[219502.383906783041311,207318.524717368040001],[219449.088897375157103,207332.602644381433493],[219474.228052756225225,207452.265023995365482],[219463.91556665522512,207483.458056386822136],[219488.652201416174648,207527.222871733130887],[219747.435457376996055,207687.059588650095975],[219803.895349076861748,207614.792784987395862]]]]}},
{"type":"Feature","properties":{"id":4,"PROVINCE":"SIDI BENNOUR","CERCLE":"OULED AMRANE","COMMUNE":"LAAGAGCHA","DOUAR":"OULED SAID","ETAT":"ACHEVEE","SUP EN HA":33.79,"NB HABITAN":304,"CENTROID_X":186863.91,"CENTROID_Y":223158.92,"VALIDATION":"2025-07-10","OBSERVATIO":"N/A","PROVINCE_A":"سيدي بنور","CERCLE_AR":"أولاد عمران","COMMUNE_AR":"العكاگشة","DOUAR_AR":"أولاد سعيد","REF":"DD/SDB/HGC/1/2025","LISTE ORMV":"OK","VERSION":"V2","CHEMIN PDF":"Documents_Signés/SIDI BENNOUR/DD_SDB_HGC_1_2025.pdf"},"geometry":{"type":"MultiPolygon","coordinates":[[[[186683.19409605031251,223363.749388097930932],[186685.564087372855283,223402.854244919726625],[186673.714130760170519,223441.959101741609629],[186651.394835529557895,223559.368198722688248],[186698.750679871824104,223586.597809219470946],[186773.336134710873011,223622.114692476170603],[186929.673193594091572,223424.184166822582483],[186908.343271691264817,223368.489370742987376],[187152.182889448857168,223256.290794932312565],[187293.066526367067127,223194.728197287360672],[187133.240551711962325,222949.661702816199977],[187112.162525429361267,222911.081045493483543],[187142.711720580409747,222882.179624628537567],[187086.092620881478069,222873.161184332886478],[186969.963046077202307,222860.126232058944879],[186823.0235840799578,222853.016258091345662],[186718.743965888366802,222845.906284123717342],[186671.344139437627746,222858.941236397688044],[186633.424278277059784,222889.751123590656789],[186600.244399761548266,222926.485989089967916],[186581.284469181264285,222962.035858927993104],[186571.804503891122295,222994.030741782247787],[186570.619508229836356,223027.210620297759306],[186580.09947352000745,223123.195268860465148],[186556.399560294637922,223180.075060601317091],[186551.659577649552375,223207.329960810486227],[186552.844573310838314,223238.139848003454972],[186589.579438810149441,223299.759622389421565],[186609.724365051690256,223322.274539953505155],[186648.829221873544157,223334.124496566189919],[186683.19409605031251,223363.749388097930932]]]]}},
{"type":"Feature","properties":{"id":5,"PROVINCE":"SIDI BENNOUR","CERCLE":"OULED AMRANE","COMMUNE":"LAAGAGCHA","DOUAR":"EL HAROUCHEE","ETAT":"ACHEVEE","SUP EN HA":42.29,"NB HABITAN":381,"CENTROID_X":186484.02,"CENTROID_Y":224975.99,"VALIDATION":"2025-07-10","OBSERVATIO":"UREF","PROVINCE_A":"سيدي بنور","CERCLE_AR":"أولاد عمران","COMMUNE_AR":"العكاگشة","DOUAR_AR":"الهاروشي","REF":"DD/SDB/HGC/2/2025","LISTE ORMV":null,"VERSION":"V2","CHEMIN PDF":"Documents_Signés/SIDI BENNOUR/DD_SDB_HGC_2_2025.pdf"},"geometry":{"type":"MultiPolygon","coordinates":[[[[186600.214631029724842,225456.973945704288781],[186951.844206030247733,225132.392799549968913],[186918.431440984946676,225113.299790952674812],[186891.383012138772756,225071.931605658493936],[186829.33073419748689,224970.102226472808979],[186741.82111145980889,224817.358157694310648],[186735.456775260710856,224793.491896947671194],[186702.044010215409799,224771.216720250813523],[186620.898723676829832,224739.39503925529425],[186498.385251844068989,224685.298181562888203],[186442.697310101910261,224648.703248418052681],[186385.418284309969749,224585.059886427014135],[186302.681913721607998,224607.335063123871805],[186204.03470263548661,224624.836987671413226],[186051.290633856988279,224637.565660069609294],[186024.242205010785256,224807.811653395649046],[186051.290633856988279,224845.997670590266353],[186600.214631029724842,225456.973945704288781]]]]}},
{"type":"Feature","properties":{"id":6,"PROVINCE":"SIDI BENNOUR","CERCLE":"OULED AMRANE","COMMUNE":"LAAGAGCHA","DOUAR":"OULED EL KHAYATE - ROUADI","ETAT":"ACHEVEE","SUP EN HA":17.65,"NB HABITAN":159,"CENTROID_X":193059.03,"CENTROID_Y":223078.1,"VALIDATION":"2025-07-10","OBSERVATIO":"N/A","PROVINCE_A":"سيدي بنور","CERCLE_AR":"أولاد عمران","COMMUNE_AR":"العكاگشة","DOUAR_AR":"أولاد الخياط - الروادي","REF":"DD/SDB/HGC/3/2025","LISTE ORMV":"OK","VERSION":"V2","CHEMIN PDF":"Documents_Signés/SIDI BENNOUR/DD_SDB_HGC_3_2025.pdf"},"geometry":{"type":"MultiPolygon","coordinates":[[[[192917.646235644439002,223242.419606140523683],[193311.80948835122399,223193.353641073277686],[193319.169383111293428,223152.465336850582389],[193329.800342209200608,223111.577032627887093],[193342.066833476012107,223052.697874547215179],[193352.697792573919287,223020.804997253522743],[193365.782049925182946,222986.458821706444724],[193383.772903783159563,222946.388283568201587],[193405.034821978973923,222915.31317235896131],[193291.36533623986179,222871.153803798457375],[193255.383628523908556,222849.891885602643015],[193218.584154723474057,222856.434014278289396],[193173.607020078517962,222880.149230727460235],[193170.335955740709323,222920.219768865674268],[193161.340528811706463,222934.121792301390087],[193117.181160251202527,222934.121792301390087],[193071.386259521794273,222929.215195794677129],[193032.133487468003295,222943.117219230392948],[193006.782738849928137,222965.196903510659467],[192752.168727935582865,223018.385918609244982],[192705.513628446962684,223265.166839588549919],[192917.646235644439002,223242.419606140523683]]]]}},
{"type":"Feature","properties":{"id":7,"PROVINCE":"SIDI BENNOUR","CERCLE":"OULED AMRANE","COMMUNE":"LAAGAGCHA","DOUAR":"OULED SI LAHBIB","ETAT":"ACHEVEE","SUP EN HA":30.17,"NB HABITAN":272,"CENTROID_X":196285.07,"CENTROID_Y":223151.13,"VALIDATION":"2025-07-10","OBSERVATIO":"N/A","PROVINCE_A":"سيدي بنور","CERCLE_AR":"أولاد عمران","COMMUNE_AR":"العكاگشة","DOUAR_AR":"أولاد سي لحبيب","REF":"DD/SDB/HGC/4/2025","LISTE ORMV":"OK","VERSION":"V2","CHEMIN PDF":"Documents_Signés/SIDI BENNOUR/DD_SDB_HGC_4_2025.pdf"},"geometry":{"type":"MultiPolygon","coordinates":[[[[196386.107428779505426,223585.890561731153866],[196471.220238767593401,223579.241123450832674],[196666.713724208937492,223389.067188633751357],[196556.009203478897689,223271.787207831745036],[196449.942036270571407,222978.131902910099598],[196448.612148614512989,222900.998418858420337],[196433.983384397812188,222857.112126208317932],[196404.725855964410584,222877.060441049252404],[196343.551023785490543,222947.544486820639577],[196271.737090358044952,222793.277518717251951],[196138.74832475167932,222821.205159494595136],[196003.099783833196852,222861.101789176493185],[195872.770793538977159,222984.78134119042079],[195929.955962749692844,223063.244712898158468],[196028.367649298423203,223168.305837727180915],[196074.913717260642443,223220.171456313662929],[196368.818889250687789,223451.571908468729816],[196386.107428779505426,223585.890561731153866]]]]}},
{"type":"Feature","properties":{"id":14,"PROVINCE":"SIDI BENNOUR","CERCLE":"OULED AMRANE","COMMUNE":"KRIDID","DOUAR":"LAABABSA","ETAT":"ACHEVEE","SUP EN HA":21.22,"NB HABITAN":191,"CENTROID_X":200341.83,"CENTROID_Y":221362.17,"VALIDATION":"2025-07-10","OBSERVATIO":"N/A","PROVINCE_A":"سيدي بنور","CERCLE_AR":"أولاد عمران","COMMUNE_AR":"كرديد","DOUAR_AR":"لعبابسة","REF":"DD/SDB/KRI/1/2025","LISTE ORMV":"OK","VERSION":"V2","CHEMIN PDF":"Documents_Signés/SIDI BENNOUR/DD_SDB_KRI_1_2025.pdf"},"geometry":{"type":"MultiPolygon","coordinates":[[[[200203.603543271514354,221542.410471125534968],[200246.483116239862284,221648.578378436592175],[200404.776936097274302,221601.676505886251107],[200520.565933955920627,221551.843266301497351],[200611.438312022219179,221482.956140993192093],[200604.109894436231116,221288.020233205810655],[200486.855213060363894,221210.339006794296438],[200501.512048232369125,221148.780299071979243],[200362.272114098508609,221063.770655074476963],[200169.963126264658058,221192.056785595923429],[200023.311384335334878,221319.823645325202961],[200144.180022426327923,221495.570754694606876],[200203.603543271514354,221542.410471125534968]]]]}},
{"type":"Feature","properties":{"id":15,"PROVINCE":"SIDI BENNOUR","CERCLE":"OULED AMRANE","COMMUNE":"KRIDID","DOUAR":"SEIDLAT","ETAT":"ACHEVEE","SUP EN HA":33.59,"NB HABITAN":302,"CENTROID_X":200685.45,"CENTROID_Y":214166.82,"VALIDATION":"2025-07-10","OBSERVATIO":"CHR","PROVINCE_A":"سيدي بنور","CERCLE_AR":"أولاد عمران","COMMUNE_AR":"كرديد","DOUAR_AR":"صعيدلات","REF":"DD/SDB/KRI/2/2025","LISTE ORMV":null,"VERSION":"V2","CHEMIN PDF":"Documents_Signés/SIDI BENNOUR/DD_SDB_KRI_2_2025.pdf"},"geometry":{"type":"MultiPolygon","coordinates":[[[[200292.350223082030425,214301.422158909612335],[200684.72046919784043,214613.534854683559388],[200732.280499030050123,214571.919828580372268],[200794.703038184845354,214551.112315528764157],[200909.144359968631761,214151.310814751690486],[201036.961940142704407,214063.622009748534765],[200886.850595984753454,213996.740717796958052],[200976.025651920179371,213914.996916522854008],[200968.594397258886602,213865.950635758374119],[200831.859311491250992,213695.031778548844159],[200794.703038184845354,213678.683018294017529],[200292.350223082030425,214301.422158909612335]]]]}},
{"type":"Feature","properties":{"id":16,"PROVINCE":"SIDI BENNOUR","CERCLE":"OULED AMRANE","COMMUNE":"KRIDID","DOUAR":"LAFHILAT","ETAT":"ACHEVEE","SUP EN HA":91.05,"NB HABITAN":819,"CENTROID_X":199032.06,"CENTROID_Y":210372.1,"VALIDATION":"2025-07-10","OBSERVATIO":"REDELIMITER - TOUCHE PAR LA ZONE AGRICOLE REMEMBREE\n","PROVINCE_A":"سيدي بنور","CERCLE_AR":"أولاد عمران","COMMUNE_AR":"كرديد","DOUAR_AR":"الفحيلات","REF":"DD/SDB/KRI/3/2025","LISTE ORMV":null,"VERSION":"V2","CHEMIN PDF":"Documents_Signés/SIDI BENNOUR/DD_SDB_KRI_3_2025.pdf"},"geometry":{"type":"MultiPolygon","coordinates":[[[[198528.364323171699652,210395.101774745737202],[198900.544040974695235,210932.905658541829325],[199119.412321396259358,211092.082589757512324],[199421.848490706033772,211084.123743196716532],[199365.2110666083463,210906.728456752025522],[199551.617687184276292,210835.338687169743935],[199430.651688725425629,210623.152427577995695],[199434.617787035560468,210551.762657995714108],[199438.583885345695307,210500.203379964077612],[199450.253281586599769,210342.715417545958189],[199308.384680582938017,210364.177942258393159],[199156.724672933400143,210367.938107737310929],[199075.254420890269103,210391.752489103761036],[199235.688147990615107,210143.581567495450145],[199302.117738118075067,209960.586847521655727],[199379.827824682259234,209765.058242618135409],[199409.909148513601394,209669.800717152305879],[199025.410258837742731,209676.734127361647552],[198702.87264881725423,209794.237880761589622],[198528.364323171699652,210395.101774745737202]]]]}},
{"type":"Feature","properties":{"id":17,"PROVINCE":"SIDI BENNOUR","CERCLE":"OULED AMRANE","COMMUNE":"LAAGAGCHA","DOUAR":"AZIB LABYAR","ETAT":"ACHEVEE","SUP EN HA":16.96,"NB HABITAN":153,"CENTROID_X":194092.5,"CENTROID_Y":221078.54,"VALIDATION":"2025-07-10","OBSERVATIO":"N/A","PROVINCE_A":"سيدي بنور","CERCLE_AR":"أولاد عمران","COMMUNE_AR":"العكاگشة","DOUAR_AR":"عزيب لبيار","REF":"DD/SDB/HGC/5/2025","LISTE ORMV":"OK","VERSION":"V2","CHEMIN PDF":"Documents_Signés/SIDI BENNOUR/DD_SDB_HGC_5_2025.pdf"},"geometry":{"type":"MultiPolygon","coordinates":[[[[193854.770342486328445,221323.790987055865116],[194211.760044916358311,221275.787372372753453],[194211.760044916358311,221275.787372372753453],[194211.760044916358311,221275.787372372753453],[194241.318079141463386,221267.297162005183054],[194348.584179923549527,221010.52173445239896],[194205.124428731302032,220853.399149813281838],[193963.09709338657558,220844.615899740281748],[193947.482426590140676,220859.254649861948565],[193922.108593045937596,220918.785567023354815],[193907.469842924270779,221008.569901102862787],[193905.518009574734606,221112.992985304008471],[193876.240509331400972,221277.922903341357596],[193867.457259258429985,221304.272653560328763],[193854.770342486328445,221323.790987055865116]]]]}},
{"type":"Feature","properties":{"id":18,"PROVINCE":"SIDI BENNOUR","CERCLE":"OULED AMRANE","COMMUNE":"TAMDA","DOUAR":"OULED SI MOUSSA","ETAT":"ACHEVEE","SUP EN HA":5.9,"NB HABITAN":53,"CENTROID_X":230525.28,"CENTROID_Y":213102.06,"VALIDATION":"2025-07-10","OBSERVATIO":"N/A","PROVINCE_A":"سيدي بنور","CERCLE_AR":"أولاد عمران","COMMUNE_AR":"تامدة","DOUAR_AR":"أولاد سي موسى","REF":"DD/SDB/TAM/2/2025","LISTE ORMV":"OK","VERSION":"V2","CHEMIN PDF":"Documents_Signés/SIDI BENNOUR/DD_SDB_TAM_2_2025.pdf"},"geometry":{"type":"MultiPolygon","coordinates":[[[[230447.029748118802672,213255.506109542096965],[230493.499836174480151,213237.822801697911927],[230524.754054689808981,213234.532883959444007],[230544.082321403227979,213225.074370461399667],[230573.691581049322849,213188.474035621067742],[230600.010922956978902,213172.024446928815451],[230622.428136776405154,213152.392841996042989],[230648.125969881890342,213139.12526954425266],[230656.118614034581697,213113.811811587511329],[230678.397800608508987,213091.532625013554934],[230688.016222460661083,213064.690880711714271],[230686.371263591427123,213041.250216825195821],[230565.915078149788314,212941.555661735212198],[230547.983049931732239,212936.121713790344074],[230533.311390480579576,212943.185846118693007],[230525.703863357775845,212954.053742008429253],[230508.315229934203671,212944.816030502144713],[230496.903939249983523,212993.721562005957821],[230491.735507655947004,213008.363552434486337],[230486.036043360247277,213023.608275702717947],[230475.711542264994932,213056.211963371926686],[230443.107854595786193,213063.276095700246515],[230440.934275417850586,213047.517646660126047],[230408.873982543125749,213059.472332138830097],[230402.896639803773724,213070.340228028566344],[230382.247637613298139,213099.683546930842567],[230370.83634692907799,213125.766497066215379],[230365.945793778693769,213160.000369118875824],[230384.964611585717648,213192.060661993571557],[230414.851325282477774,213218.687006923428271],[230439.847485828882782,213254.551063359540422],[230447.029748118802672,213255.506109542096965]]]]}},
{"type":"Feature","properties":{"id":19,"PROVINCE":"SIDI BENNOUR","CERCLE":"OULED AMRANE","COMMUNE":"LAAGAGCHA","DOUAR":"ZIAT","ETAT":"ACHEVEE","SUP EN HA":33.83,"NB HABITAN":304,"CENTROID_X":191047.34,"CENTROID_Y":221129.18,"VALIDATION":"2025-07-10","OBSERVATIO":"N/A","PROVINCE_A":"سيدي بنور","CERCLE_AR":"أولاد عمران","COMMUNE_AR":"العكاگشة","DOUAR_AR":"زيات","REF":"DD/SDB/HGC/6/2025","LISTE ORMV":"OK","VERSION":"V2","CHEMIN PDF":"Documents_Signés/SIDI BENNOUR/DD_SDB_HGC_6_2025.pdf"},"geometry":{"type":"MultiPolygon","coordinates":[[[[191367.043381812400185,220770.972266551514622],[190603.449721848068293,221022.055065873457352],[190831.607205406733556,221432.288964882813161],[191171.611084189207759,221387.881412117276341],[191253.080389320472023,221373.844683380128117],[191452.015732127765659,221342.374685647897422],[191393.571450625051511,221297.417546030425001],[191371.092880816315301,221256.956120374699822],[191350.862167988467263,221219.866480190306902],[191333.557950044138124,221145.480385012197075],[191316.815234160021646,221125.212886836699909],[191351.181861501099775,221053.836045435949927],[191322.753210592403775,221038.387093446421204],[191310.758322477369802,221029.199519571091514],[191302.336379758315161,221015.928579528903356],[191295.190488966385601,220999.33990447621909],[191395.241640143533004,220899.626820187433623],[191367.043381812400185,220770.972266551514622]]]]}},
{"type":"Feature","properties":{"id":22,"PROVINCE":"SIDI BENNOUR","CERCLE":"OULED AMRANE","COMMUNE":"KRIDID","DOUAR":"ZERIWLAT","ETAT":"ACHEVEE","SUP EN HA":35.87,"NB HABITAN":323,"CENTROID_X":198377.48,"CENTROID_Y":220682.5,"VALIDATION":"2025-07-10","OBSERVATIO":"N/A","PROVINCE_A":"سيدي بنور","CERCLE_AR":"أولاد عمران","COMMUNE_AR":"كرديد","DOUAR_AR":"الزريولات","REF":"DD/SDB/KRI/4/2025","LISTE ORMV":"OK","VERSION":"V2","CHEMIN PDF":"Documents_Signés/SIDI BENNOUR/DD_SDB_KRI_4_2025.pdf"},"geometry":{"type":"MultiPolygon","coordinates":[[[[198400.396875050559174,221024.023661188868573],[198479.722238661313895,221000.786938514997019],[198488.536167951417156,220975.14641694384045],[198613.533710610790877,220927.87170529703144],[198695.262873118859716,220899.026118529494852],[198669.622351547703147,220835.726080900698435],[198805.036356095370138,220788.451369253889425],[198788.209763814287726,220749.990586897154571],[198748.947715158457868,220741.176657607051311],[198657.603357061219867,220709.1260056431056],[198592.70078683423344,220663.4538265944866],[198562.740649927902268,220629.25820055056829],[198647.783795676979935,220443.709518916177331],[198425.511937469127588,220211.773666873195907],[198220.635268164478475,220445.642317683203146],[198008.027403791726101,220687.242163561313646],[198157.613186423695879,221016.010998197889421],[198385.172815367695875,221027.228726385248592],[198400.396875050559174,221024.023661188868573]]]]}},
{"type":"Feature","properties":{"id":23,"PROVINCE":"SIDI BENNOUR","CERCLE":"OULED AMRANE","COMMUNE":"KRIDID","DOUAR":"BOUFTOUSS","ETAT":"ACHEVEE","SUP EN HA":28.82,"NB HABITAN":259,"CENTROID_X":198532.4,"CENTROID_Y":222312.29,"VALIDATION":"2025-07-10","OBSERVATIO":"N/A","PROVINCE_A":"سيدي بنور","CERCLE_AR":"أولاد عمران","COMMUNE_AR":"كرديد","DOUAR_AR":"بوفطوش","REF":"DD/SDB/KRI/5/2025","LISTE ORMV":"OK","VERSION":"V2","CHEMIN PDF":"Documents_Signés/SIDI BENNOUR/DD_SDB_KRI_5_2025.pdf"},"geometry":{"type":"MultiPolygon","coordinates":[[[[198432.106054632691666,222628.97697999709635],[198467.886012213333743,222692.457549898215802],[198505.974354153993772,222680.91562809800962],[198534.829158654523781,222657.831784497597255],[198589.076191115484107,222645.135670517396647],[198637.552262676326791,222635.902133077208418],[198714.883138737699483,222605.893136396683985],[198699.878640397422714,222559.725449195888359],[198883.395197020669002,222472.006843514333013],[198855.694584700191626,222418.914003233396215],[198833.76493327980279,222426.993348493531812],[198793.368206979066599,222360.050202052341774],[198690.645102957263589,222244.630984050309053],[198733.350213618017733,222107.282114627887495],[198772.592747738701291,222047.264121266838629],[198389.400943971937522,221944.541017245006515],[198228.968230949103599,222160.374954908824293],[198376.704829991736915,222348.508280252135592],[198278.598494689998915,222431.610117213625927],[198409.022211032308405,222634.747940897213994],[198432.106054632691666,222628.97697999709635]]]]}},
{"type":"Feature","properties":{"id":24,"PROVINCE":"SIDI BENNOUR","CERCLE":"OULED AMRANE","COMMUNE":"KRIDID","DOUAR":"OULED ABDELLAH","ETAT":"ACHEVEE","SUP EN HA":32.99,"NB HABITAN":297,"CENTROID_X":202355.23,"CENTROID_Y":218841.49,"VALIDATION":"2025-07-10","OBSERVATIO":"N/A","PROVINCE_A":"سيدي بنور","CERCLE_AR":"أولاد عمران","COMMUNE_AR":"كرديد","DOUAR_AR":"أولاد عبد الله","REF":"DD/SDB/KRI/6/2025","LISTE ORMV":"OK","VERSION":"V2","CHEMIN PDF":"Documents_Signés/SIDI BENNOUR/DD_SDB_KRI_6_2025.pdf"},"geometry":{"type":"MultiPolygon","coordinates":[[[[202111.860178384784376,219179.658583557495149],[202129.292936417943565,219162.225825524365064],[202242.605863633274566,219240.673236673464999],[202467.488442260684678,219249.389615690044593],[202455.285511637484888,219127.360309458104894],[202434.366201997734606,219007.074279029504396],[202678.424814461584901,218916.42393725720467],[202690.627745084784692,218740.353081122593721],[202273.98482809291454,218248.749304588272935],[202383.811203701654449,218583.458258824393852],[202047.358973662223434,218632.269981317163911],[202073.50811071190401,218674.108600596693577],[202076.994662318524206,218749.069460139144212],[202094.427420351654291,218785.67825200871448],[202111.860178384784376,219179.658583557495149]]]]}},
{"type":"Feature","properties":{"id":25,"PROVINCE":"SIDI BENNOUR","CERCLE":"OULED AMRANE","COMMUNE":"KRIDID","DOUAR":"LAHSSINAT","ETAT":"ACHEVEE","SUP EN HA":37.9,"NB HABITAN":341,"CENTROID_X":200614.02,"CENTROID_Y":220355.91,"VALIDATION":"2025-07-10","OBSERVATIO":"N/A","PROVINCE_A":"سيدي بنور","CERCLE_AR":"أولاد عمران","COMMUNE_AR":"كرديد","DOUAR_AR":"لحسينات","REF":"DD/SDB/KRI/7/2025","LISTE ORMV":"OK","VERSION":"V2","CHEMIN PDF":"Documents_Signés/SIDI BENNOUR/DD_SDB_KRI_7_2025.pdf"},"geometry":{"type":"MultiPolygon","coordinates":[[[[200257.291967825993197,220539.002685949584702],[200308.43582936283201,220641.290409023233224],[200539.408107271097833,220512.605854188615922],[200621.89820652405615,220680.885656664671842],[200710.987513717263937,220677.586052694532555],[200776.979593119613128,220652.839022918662522],[200884.216722148470581,220608.29436932207318],[200941.95979162552976,220479.609814487455878],[201031.049098818737548,220431.765556920727249],[201141.58583181767608,220336.077041787299095],[201093.741574250976555,220278.333972310239915],[200994.753455147438217,220235.439120698691113],[200956.808009491069242,220255.236744519410422],[200884.216722148470581,220271.734764369990444],[200729.135335552913602,220093.556149983603973],[200668.092662105715135,220053.960902342194458],[200585.602562852756819,219968.171199119125959],[200329.883255168591859,220157.898427400912624],[200186.350482468464179,220308.030408041289775],[200188.000284453504719,220354.22486362294876],[200257.291967825993197,220539.002685949584702]]]]}},
{"type":"Feature","properties":{"id":27,"PROVINCE":"SIDI BENNOUR","CERCLE":"OULED AMRANE","COMMUNE":"KOUDIAT BENI DGHOUGHE","DOUAR":"LAEBADELA","ETAT":"ACHEVEE","SUP EN HA":12.83,"NB HABITAN":115,"CENTROID_X":208871.26,"CENTROID_Y":211838.53,"VALIDATION":"2025-07-10","OBSERVATIO":"N/A","PROVINCE_A":"سيدي بنور","CERCLE_AR":"أولاد عمران","COMMUNE_AR":"كدية بني دغوغ","DOUAR_AR":"لعبادلة","REF":"DD/SDB/KBD/1/2025","LISTE ORMV":"OK","VERSION":"V2","CHEMIN PDF":"Documents_Signés/SIDI BENNOUR/DD_SDB_KBD_1_2025.pdf"},"geometry":{"type":"MultiPolygon","coordinates":[[[[208916.147441508306656,211587.805776964698453],[208732.862531508115353,211637.00977964932099],[208750.083932447741972,211805.533488844142994],[208662.746827682538424,211910.091994548944058],[208554.498021776409587,211908.861894481815398],[208549.57762150792405,211994.968899179890286],[208666.4371278838953,212002.349499582574936],[208673.81772828657995,211945.764896495267749],[208697.189629561791662,211945.764896495267749],[208698.419729628891218,211921.162895152985584],[208880.474539561953861,211950.685296763753286],[208928.448442179476842,212099.52740488469135],[209029.31664768292103,212066.314703072595876],[208996.103945870825555,211959.295997233537491],[209052.688548958103638,211949.455196696624625],[209096.972151374269743,211937.154196025483543],[209105.582851844083052,211891.640493542217882],[209066.219649696373381,211825.215089917968726],[208916.147441508306656,211587.805776964698453]]]]}},
{"type":"Feature","properties":{"id":28,"PROVINCE":"SIDI BENNOUR","CERCLE":"OULED AMRANE","COMMUNE":"KOUDIAT BENI DGHOUGHE","DOUAR":"CHENANEFA","ETAT":"ACHEVEE","SUP EN HA":29.86,"NB HABITAN":269,"CENTROID_X":209887.03,"CENTROID_Y":214660.81,"VALIDATION":"2025-07-10","OBSERVATIO":"N/A","PROVINCE_A":"سيدي بنور","CERCLE_AR":"أولاد عمران","COMMUNE_AR":"كدية بني دغوغ","DOUAR_AR":"الشنانفة","REF":"DD/SDB/KBD/2/2025","LISTE ORMV":"OK","VERSION":"V2","CHEMIN PDF":"Documents_Signés/SIDI BENNOUR/DD_SDB_KBD_2_2025.pdf"},"geometry":{"type":"MultiPolygon","coordinates":[[[[209795.139456124597928,215076.687352475186344],[210151.868475588067668,214760.551635226525832],[210176.470476930349832,214712.577732609031955],[210176.470476930349832,214646.152328984811902],[210202.302578339789761,214469.017919320205692],[209952.592264715378406,214348.468112742877565],[209919.379562903253827,214326.326311534823617],[209870.17556021863129,214278.352408917300636],[209856.644459480361547,214258.670807843474904],[209834.502658272278495,214224.228005964250769],[209776.687955117871752,214247.599907239433378],[209823.431757668266073,214417.353716501354938],[209641.376947735174326,214492.389820595388301],[209688.120750285568647,214635.081428380770376],[209598.323445386136882,214644.922228917683242],[209578.64184431231115,214660.913529790181201],[209610.624446057307068,214775.312836031924235],[209586.0224447149958,214804.835237642691936],[209795.139456124597928,215076.687352475186344]]]]}},
{"type":"Feature","properties":{"id":30,"PROVINCE":"SIDI BENNOUR","CERCLE":"ZEMAMRA","COMMUNE":"LGHARBIA","DOUAR":"LAMNASSERA","ETAT":"ACHEVEE","SUP EN HA":87.42,"NB HABITAN":787,"CENTROID_X":170618.63,"CENTROID_Y":223298.12,"VALIDATION":"2025-07-10","OBSERVATIO":"N/A","PROVINCE_A":"سيدي بنور","CERCLE_AR":"زمامرة","COMMUNE_AR":"الغربية","DOUAR_AR":"لمناصرة","REF":"DD/SDB/LGH/1/2025","LISTE ORMV":"OK","VERSION":"V2","CHEMIN PDF":"Documents_Signés/SIDI BENNOUR/DD_SDB_LGH_1_2025.pdf"},"geometry":{"type":"MultiPolygon","coordinates":[[[[170143.574486295459792,223596.855745368142379],[170643.108115814073244,223929.163524661620613],[171320.587201341433683,223198.086410215939395],[171271.277014736609999,223142.344460140913725],[171031.157845182577148,223028.716638834099285],[170769.215344730677316,222861.175494064518716],[170681.751233513146872,222809.124076317762956],[170642.927543535683071,222774.73737948058988],[170612.977839838800719,222759.207903489586897],[170513.145494182506809,222733.695192932995269],[170421.077886521670735,222721.493461797217606],[170338.2410506370652,222714.953711595764617],[170124.60921072421479,223281.732062384922756],[170054.85187524248613,223523.702819837228162],[170143.574486295459792,223596.855745368142379]]]]}},
{"type":"Feature","properties":{"id":31,"PROVINCE":"SIDI BENNOUR","CERCLE":"ZEMAMRA","COMMUNE":"LGHARBIA","DOUAR":"OULED AZZOUZ","ETAT":"ACHEVEE","SUP EN HA":40.44,"NB HABITAN":364,"CENTROID_X":175375.31,"CENTROID_Y":220229.61,"VALIDATION":"2025-07-10","OBSERVATIO":"UREF","PROVINCE_A":"سيدي بنور","CERCLE_AR":"زمامرة","COMMUNE_AR":"الغربية","DOUAR_AR":"أولاد عزوز","REF":"DD/SDB/LGH/2/2025","LISTE ORMV":null,"VERSION":"V2","CHEMIN PDF":"Documents_Signés/SIDI BENNOUR/DD_SDB_LGH_2_2025.pdf"},"geometry":{"type":"MultiPolygon","coordinates":[[[[175375.148090400063666,219792.938905067625456],[174901.215999799489509,220099.052419324376388],[175098.558214574150043,220319.702769702358637],[175083.019457505288301,220363.211289495200617],[175101.704477881838102,220385.958859460573876],[175112.229447959485697,220422.871881754690548],[175125.324252260703361,220458.849560884409584],[175159.213925619871588,220495.989340534200892],[175204.436376672412734,220536.280004667583853],[175280.361672279948834,220574.538385631865822],[175476.150011347723193,220464.213210442860145],[175600.460067898704438,220541.906995787227061],[175717.000745915254811,220572.984509924979648],[175701.461988846363965,220535.691492959682364],[175863.065062362642493,220450.228329080884578],[175900.358079327939777,220402.058182167384075],[175864.618938069528667,220341.457029598794179],[175797.802282673364971,220375.64229515029001],[175713.892994501482463,220283.963628443947528],[175715.446870208368637,220257.547741426882567],[175623.542891524499282,220137.352415307570482],[175589.582937950501218,220083.513662255514646],[175570.530057190568186,220054.774731056648307],[175555.237893440411426,220037.443612139788456],[175544.023640023631742,220023.170925972954137],[175532.809386606822954,220003.800851889420301],[175483.874462606298039,219928.359510721900733],[175455.949627158202929,219897.048577429057332],[175375.148090400063666,219792.938905067625456]]]]}},
{"type":"Feature","properties":{"id":32,"PROVINCE":"SIDI BENNOUR","CERCLE":"ZEMAMRA","COMMUNE":"LGHARBIA","DOUAR":"KHTOURA","ETAT":"ACHEVEE","SUP EN HA":72.36,"NB HABITAN":651,"CENTROID_X":168917.1,"CENTROID_Y":222202.09,"VALIDATION":"2025-07-10","OBSERVATIO":"N/A","PROVINCE_A":"سيدي بنور","CERCLE_AR":"زمامرة","COMMUNE_AR":"الغربية","DOUAR_AR":"الخطورة","REF":"DD/SDB/LGH/3/2025","LISTE ORMV":"OK","VERSION":"V2","CHEMIN PDF":"Documents_Signés/SIDI BENNOUR/DD_SDB_LGH_3_2025.pdf"},"geometry":{"type":"MultiPolygon","coordinates":[[[[169374.788605015171925,222741.551415948430076],[169647.070447053003591,222550.164903791417601],[169639.178219747554976,222520.569051395985298],[169603.663196873065317,222490.973199000582099],[169585.905685435805935,222435.727607862470904],[169491.198957770480774,222329.182539238972822],[169398.465286931488663,222279.856118579948088],[169266.270479565311689,222189.09550456731813],[169124.210388067294843,222183.17633408823167],[169114.34510393551318,222171.337993130087852],[169149.860126810002839,222106.22711786016589],[169201.159604295389727,221964.167026362149045],[169100.533706150978105,221889.190866960445419],[168883.497455251257634,221794.484139295120258],[168796.682954891351983,221784.61885516330949],[168682.245658962434391,221707.669638935214607],[168625.027010997961042,221670.181559234362794],[168563.862249380763387,221634.666536359844031],[168313.284032432886306,221934.571173966745846],[168265.930668600223726,221972.059253667597659],[168183.062281893071486,222011.520390194840729],[168254.092327642050805,222064.79292450658977],[168317.230146085610613,222112.146288339252351],[168453.371067104540998,222208.826072830939665],[168498.751374110841425,222279.856118579948088],[168688.164829441491747,222427.83538055702229],[169374.788605015171925,222741.551415948430076]]]]}},
{"type":"Feature","properties":{"id":33,"PROVINCE":"SIDI BENNOUR","CERCLE":"ZEMAMRA","COMMUNE":"LGHARBIA","DOUAR":"ZEREK","ETAT":"ACHEVEE","SUP EN HA":31.52,"NB HABITAN":284,"CENTROID_X":177214.11,"CENTROID_Y":221447.45,"VALIDATION":"2025-07-10","OBSERVATIO":"N/A","PROVINCE_A":"سيدي بنور","CERCLE_AR":"زمامرة","COMMUNE_AR":"الغربية","DOUAR_AR":"زريك","REF":"DD/SDB/LGH/4/2025","LISTE ORMV":"OK","VERSION":"V2","CHEMIN PDF":"Documents_Signés/SIDI BENNOUR/DD_SDB_LGH_4_2025.pdf"},"geometry":{"type":"MultiPolygon","coordinates":[[[[176799.625432501343312,221412.596111351187574],[176740.537250939582009,221480.125461707473733],[176717.515881499944953,221507.75110503504402],[176696.79664900424541,221570.676181503396947],[176785.045231856231112,221576.815213353955187],[176960.775018578831805,221725.6867357303272],[177088.159929478191771,221535.376748362614308],[176881.734983502712566,221393.411636818142142],[176799.625432501343312,221412.596111351187574]]],[[[177374.312354200519621,221693.32892201791401],[177391.098769416916184,221714.112102762039285],[177403.888419105613139,221708.51663102323073],[177424.671599849738413,221731.69787108397577],[177491.817260715353768,221674.9438005904085],[177483.024376554385526,221663.752857112820493],[177560.56162779207807,221607.798139724793145],[177562.959687108697835,221595.807843141636113],[177541.377153259032639,221587.814312086207792],[177534.982328414684162,221501.484176687547006],[177625.30922934107366,221365.594148745207349],[177572.551924375205999,221343.212261790002231],[177618.115051391185261,221236.898298752756091],[177560.56162779207807,221206.522880742122652],[177522.192678725987207,221256.082773285801522],[177507.004969720670488,221256.882126391341444],[177224.833323463943088,221143.373985404206906],[177128.910950798774138,221202.526115214423044],[177045.778227822273038,221300.846547196211759],[177017.800869128259365,221334.419377629033988],[176992.22156975089456,221331.221965206845198],[176969.839682795689441,221334.419377629033988],[176951.454561368183931,221324.827140362525824],[176879.512781869299943,221368.791561167396139],[176877.914075658220099,221382.380563961633015],[177052.972405772161437,221504.681589109735796],[177096.936826577031752,221521.468004326132359],[177308.76539954598411,221720.506927606358659],[177374.312354200519621,221693.32892201791401]]]]}},
{"type":"Feature","properties":{"id":34,"PROVINCE":"SIDI BENNOUR","CERCLE":"ZEMAMRA","COMMUNE":"LGHARBIA","DOUAR":"LCAÏD","ETAT":"ACHEVEE","SUP EN HA":35.93,"NB HABITAN":323,"CENTROID_X":176206.1,"CENTROID_Y":221186.05,"VALIDATION":"2025-07-10","OBSERVATIO":"N/A","PROVINCE_A":"سيدي بنور","CERCLE_AR":"زمامرة","COMMUNE_AR":"الغربية","DOUAR_AR":"لقايد","REF":"DD/SDB/LGH/5/2025","LISTE ORMV":"OK","VERSION":"V2","CHEMIN PDF":"Documents_Signés/SIDI BENNOUR/DD_SDB_LGH_5_2025.pdf"},"geometry":{"type":"MultiPolygon","coordinates":[[[[176353.179419731604867,221302.416630405932665],[176369.475120958231855,221212.79027365957154],[176434.657925864681602,221190.383684472966706],[176510.025544037751388,221190.383684472966706],[176573.171386290894588,221090.572514459956437],[176611.873676704097306,221041.685410780104576],[176656.686855077277869,221000.946157713595312],[176383.73385953149409,220764.658489927678602],[176253.368249718594598,220915.393726273847278],[176249.294324411952402,220960.206904647056945],[175892.825860079756239,220888.91321178060025],[175888.751934773114044,220956.132979340385646],[176065.967685612529749,221019.278821593528846],[175915.232449266361073,221074.276813233358553],[175900.973710693069734,221337.044995512493188],[175951.897777026228141,221595.739252484985627],[175982.452216826146469,221620.182804324897006],[176283.922689518483821,221542.77822349849157],[176353.179419731604867,221302.416630405932665]]]]}},
{"type":"Feature","properties":{"id":35,"PROVINCE":"SIDI BENNOUR","CERCLE":"ZEMAMRA","COMMUNE":"OULED SBAITA","DOUAR":"LAARAWA - ESDIRAT","ETAT":"ACHEVEE","SUP EN HA":44.26,"NB HABITAN":398,"CENTROID_X":179947.75,"CENTROID_Y":229055.59,"VALIDATION":"2025-07-10","OBSERVATIO":"N/A","PROVINCE_A":"سيدي بنور","CERCLE_AR":"زمامرة","COMMUNE_AR":"أولاد سبيطة","DOUAR_AR":"لعراوة - السديرات","REF":"DD/SDB/OST/1/2025","LISTE ORMV":"OK","VERSION":"V2","CHEMIN PDF":"Documents_Signés/SIDI BENNOUR/DD_SDB_OST_1_2025.pdf"},"geometry":{"type":"MultiPolygon","coordinates":[[[[179694.53069397850777,229124.338867940852651],[179772.727225249574985,229488.593856135441456],[179913.004790995531948,229550.315985063643893],[180137.448896189074731,229576.501130669581471],[180296.376535998395411,229399.357882456708467],[180011.134625383157982,229253.622932491707616],[180202.956696277251467,229020.696132120327093],[180114.519248007884016,228882.434769333020085],[180277.692568054160802,228786.523733885987895],[180117.155643312435132,228541.922860024846159],[179896.13623518019449,228591.204214540834073],[179870.748870732582873,228618.084953367710114],[179701.997565874888096,228746.515149985090829],[179613.888477497850545,228894.359213532996364],[179676.610201427247375,229100.444877872505458],[179694.53069397850777,229124.338867940852651]]]]}},
{"type":"Feature","properties":{"id":36,"PROVINCE":"SIDI BENNOUR","CERCLE":"ZEMAMRA","COMMUNE":"LGHNADRA","DOUAR":"OULED BEN CHAOUI","ETAT":"ACHEVEE","SUP EN HA":90.7,"NB HABITAN":816,"CENTROID_X":187289.96,"CENTROID_Y":231458.48,"VALIDATION":"2025-07-10","OBSERVATIO":"UREF","PROVINCE_A":"سيدي بنور","CERCLE_AR":"زمامرة","COMMUNE_AR":"الغنادرة","DOUAR_AR":"أولاد بن الشاوي","REF":"DD/SDB/GHR/1/2025","LISTE ORMV":null,"VERSION":"V2","CHEMIN PDF":"Documents_Signés/SIDI BENNOUR/DD_SDB_GHR_1_2025.pdf"},"geometry":{"type":"MultiPolygon","coordinates":[[[[187246.710429133556318,232055.906491028639721],[187246.710429133556318,232055.906491028639721],[187246.710429133556318,232055.906491028639721],[187441.545133134321077,231874.792540830734652],[187641.868138656252995,232086.09214939494268],[187965.677928404009435,230996.664297446986893],[187897.074159389652777,231013.129202010430163],[187798.284732008964056,231043.314860376762226],[187636.379837135085836,231070.75636798251071],[187433.312680852599442,231095.453724827675615],[187191.82741392205935,231125.639383193978574],[186996.99270992129459,231125.639383193978574],[186535.975382144824835,231057.035614179621916],[186450.906708567024907,231144.848438518005423],[187246.710429133556318,232055.906491028639721]]]]}},
{"type":"Feature","properties":{"id":37,"PROVINCE":"SIDI BENNOUR","CERCLE":"ZEMAMRA","COMMUNE":"OULED SBAITA","DOUAR":"SIDI ALI MHAMED + LAEZIB BEN YOUSSEF","ETAT":"ACHEVEE","SUP EN HA":87.58,"NB HABITAN":788,"CENTROID_X":190236.08,"CENTROID_Y":236557.29,"VALIDATION":"2025-07-10","OBSERVATIO":"UREF","PROVINCE_A":"سيدي بنور","CERCLE_AR":"زمامرة","COMMUNE_AR":"أولاد سبيطة","DOUAR_AR":"سيدي علي محمد - العزيب بن يوسف","REF":"DD/SDB/OST/2/2025","LISTE ORMV":null,"VERSION":"V2","CHEMIN PDF":"Documents_Signés/SIDI BENNOUR/DD_SDB_OST_2_2025.pdf"},"geometry":{"type":"MultiPolygon","coordinates":[[[[190224.33709125770838,237331.209127750684274],[190111.711007510079071,237207.668386130477302],[190464.715949026547605,236890.777044150716392],[190463.434026121889474,236889.055604821885936],[190506.180273921985645,236853.948485985805746],[190673.291803301108303,236708.753222754778108],[190881.496331707865465,236527.944027033110615],[190810.268466726614861,236443.018495709286071],[190270.580412830109708,235854.018842979596229],[189650.878036544745555,236414.048229170381092],[190059.335300271020969,236876.41950762088527],[189822.582453003560659,237095.591697913041571],[190114.45798516200739,237428.855026701086899],[190224.33709125770838,237331.209127750684274]]]]}},
{"type":"Feature","properties":{"id":38,"PROVINCE":"SIDI BENNOUR","CERCLE":"ZEMAMRA","COMMUNE":"OULED SBAITA","DOUAR":"DEHAMNA","ETAT":"ACHEVEE","SUP EN HA":70.06,"NB HABITAN":631,"CENTROID_X":185346.69,"CENTROID_Y":230591.25,"VALIDATION":"2025-07-10","OBSERVATIO":"UREF","PROVINCE_A":"سيدي بنور","CERCLE_AR":"زمامرة","COMMUNE_AR":"أولاد سبيطة","DOUAR_AR":"الدحامنة","REF":"DD/SDB/OST/3/2025","LISTE ORMV":null,"VERSION":"V2","CHEMIN PDF":"Documents_Signés/SIDI BENNOUR/DD_SDB_OST_3_2025.pdf"},"geometry":{"type":"MultiPolygon","coordinates":[[[[184636.990987032040721,230850.433286781481002],[184669.86538625418325,230855.912353318504756],[184782.186250263097463,230877.828619466599775],[185056.13957711411058,230943.577417910826625],[185193.116240539617138,230924.400685031258035],[185639.660163306776667,230888.786752540647285],[185784.855426537804306,230891.526285809144611],[185811.182381889695534,230866.844241215178045],[185919.247005724202609,230764.896482880751137],[186017.116853725281544,230675.182455546426354],[185431.4556348999904,230031.312839496968081],[184647.94912010608823,230732.633356235543033],[184705.479318744794,230792.903088142775232],[184636.990987032040721,230850.433286781481002]]]]}},
{"type":"Feature","properties":{"id":39,"PROVINCE":"SIDI BENNOUR","CERCLE":"ZEMAMRA","COMMUNE":"OULED SBAITA","DOUAR":"LHADDADA","ETAT":"ACHEVEE","SUP EN HA":17.48,"NB HABITAN":157,"CENTROID_X":185130.16,"CENTROID_Y":231066.34,"VALIDATION":"2025-07-10","OBSERVATIO":"UREF","PROVINCE_A":"سيدي بنور","CERCLE_AR":"زمامرة","COMMUNE_AR":"أولاد سبيطة","DOUAR_AR":"الحدادة","REF":"DD/SDB/OST/4/2025","LISTE ORMV":null,"VERSION":"V2","CHEMIN PDF":"Documents_Signés/SIDI BENNOUR/DD_SDB_OST_4_2025.pdf"},"geometry":{"type":"MultiPolygon","coordinates":[[[[185111.917355810030131,231345.967799363075756],[185527.859397117135813,230964.418898422445636],[185481.643614749686094,230922.502258600812638],[185484.867971659055911,230908.53004532691557],[185067.851144715503324,230949.371899512130767],[185027.009290530288126,230950.446685148577671],[184713.171884686191333,230884.884761324967258],[184707.797956503927708,230899.931760235311231],[185111.917355810030131,231345.967799363075756]]]]}},
{"type":"Feature","properties":{"id":40,"PROVINCE":"SIDI BENNOUR","CERCLE":"ZEMAMRA","COMMUNE":"SANIAT BERGUIG","DOUAR":"LAASAIB","ETAT":"ACHEVEE","SUP EN HA":11.16,"NB HABITAN":100,"CENTROID_X":203029.68,"CENTROID_Y":244888.75,"VALIDATION":"2025-07-10","OBSERVATIO":"REDELIMITER - TOUCHE PAR LA ZONE AGRICOLE REMEMBREE","PROVINCE_A":"سيدي بنور","CERCLE_AR":"زمامرة","COMMUNE_AR":"سانية بركيك","DOUAR_AR":"لعصايب","REF":"DD/SDB/SAN/1/2025","LISTE ORMV":null,"VERSION":"V2","CHEMIN PDF":"Documents_Signés/SIDI BENNOUR/DD_SDB_SAN_1_2025.pdf"},"geometry":{"type":"MultiPolygon","coordinates":[[[[203239.761226036091102,245147.043360454437789],[203283.48451063662651,245073.331533210031921],[203305.463929820252815,245035.681388683675323],[203325.267223672155524,244993.000708133215085],[203316.244030659465352,244986.479097295668907],[202837.41940998469363,244630.475661849719472],[202815.701746986043872,244654.609802625636803],[202834.938427894230699,244667.202772441989509],[202797.602250039286446,244714.264079595101066],[202784.598587247863179,244725.322897695034044],[202768.066501529741799,244725.144095806841506],[202739.966957539640134,244773.412768625596073],[202786.997446966910502,244820.809408082131995],[202761.402035252394853,244842.338770312053384],[202768.990403197385604,244850.282300246908562],[202761.811507334205089,244859.282769898505649],[202801.283836095622974,244893.058486207766691],[202829.043016512092436,244859.674548857146874],[202857.706268909823848,244882.594046544138109],[202865.501204235566547,244885.860371104849037],[202886.592107997857966,244891.423039667133708],[202934.300272339198273,244930.965550132910721],[202944.536483595788013,244936.379624086141121],[203003.188741386955371,244967.804686301940819],[203014.634149649180472,244950.83292122290004],[203032.046814982400974,244964.778799080930185],[203101.016138721373864,245054.714849838404916],[203203.169852566410555,245126.681999911641469],[203239.761226036091102,245147.043360454437789]]]]}},
{"type":"Feature","properties":{"id":41,"PROVINCE":"SIDI BENNOUR","CERCLE":"ZEMAMRA","COMMUNE":"SANIAT BERGUIG","DOUAR":"LAAMAIR","ETAT":"ACHEVEE","SUP EN HA":14.91,"NB HABITAN":134,"CENTROID_X":202556.58,"CENTROID_Y":245500.03,"VALIDATION":"2025-07-10","OBSERVATIO":"N/A","PROVINCE_A":"سيدي بنور","CERCLE_AR":"زمامرة","COMMUNE_AR":"سانية بركيك","DOUAR_AR":"لعمير","REF":"DD/SDB/SAN/2/2025","LISTE ORMV":"OK","VERSION":"V2","CHEMIN PDF":"Documents_Signés/SIDI BENNOUR/DD_SDB_SAN_2_2025.pdf"},"geometry":{"type":"MultiPolygon","coordinates":[[[[202530.976017559674801,245769.776435837498866],[202590.263804400747176,245672.29363247382571],[202630.169045543763787,245694.526552539202385],[202651.26181586223538,245680.274680702423211],[202675.204960548027884,245676.284156588109909],[202707.129153462446993,245669.443258106446592],[202747.034394605463604,245594.763449681660859],[202715.110201691044495,245558.848732652928447],[202797.771058344456833,245451.10458156678942],[202756.155592581024393,245400.367917827796191],[202747.604469478974352,245392.956944472680334],[202736.773046883026836,245374.144473648106214],[202748.74461922593764,245345.070655101066222],[202662.093238458211999,245335.949457125505432],[202645.561067127535352,245338.799831492855446],[202630.739120417274535,245322.837735035660444],[202578.292232057865476,245283.502568766096374],[202623.328147062158678,245219.65418293728726],[202558.909686359838815,245186.019765402452322],[202545.227889396512182,245190.01028951673652],[202478.52912920032395,245306.305563704983797],[202473.968530212558107,245322.837735035660444],[202423.801941347046522,245385.545971117564477],[202393.587973053043243,245427.731511754449457],[202397.008422293874901,245445.403832832089392],[202388.457299191795755,245465.356453403626801],[202382.756550457095727,245481.888624734303448],[202374.205427355016582,245501.841245305811753],[202359.383480644755764,245526.354464865085902],[202335.440335958934156,245554.858208538673352],[202309.786966652696719,245587.92255120005575],[202300.095693803683389,245596.473674302134896],[202530.976017559674801,245769.776435837498866]]]]}},
{"type":"Feature","properties":{"id":42,"PROVINCE":"SIDI BENNOUR","CERCLE":"ZEMAMRA","COMMUNE":"SANIAT BERGUIG","DOUAR":"LAAMARNIA","ETAT":"ACHEVEE","SUP EN HA":361.72,"NB HABITAN":3255,"CENTROID_X":200898.05,"CENTROID_Y":236236.37,"VALIDATION":"2025-07-10","OBSERVATIO":"REDELIMITER - TOUCHE PAR LA ZONE AGRICOLE REMEMBREE","PROVINCE_A":"سيدي بنور","CERCLE_AR":"زمامرة","COMMUNE_AR":"سانية بركيك","DOUAR_AR":"العمرانية","REF":"DD/SDB/SAN/3/2025","LISTE ORMV":null,"VERSION":"V2","CHEMIN PDF":"Documents_Signés/SIDI BENNOUR/DD_SDB_SAN_3_2025.pdf"},"geometry":{"type":"MultiPolygon","coordinates":[[[[201572.486128659511451,237562.78243608615594],[201651.854809677664889,237282.202339030744042],[201975.290713305090321,236931.935031471046386],[201999.026678189140512,236874.96871574933175],[201948.389953103178414,236648.685850521462271],[201951.554748421040131,236579.060353528271662],[202094.017985085083637,236410.720846956712194],[202094.017985085083637,236373.96656291175168],[201955.648915739351651,236032.367922964476747],[201949.162865613761824,235995.613638919516234],[201951.324882322282065,235811.842218694713665],[201944.838832196692238,235772.92591794123291],[201903.760514734691242,235701.579366559832124],[201905.922531443211483,235621.584748344350373],[201838.900013478880282,235597.80256455054041],[201784.849595765699632,235556.724247088539414],[201732.961194761039224,235506.997862792399246],[201663.776660088187782,235452.947445079218596],[201575.133975038566859,235416.193161034287186],[201458.385072778124595,235394.572993948997464],[201345.960203934693709,235431.327277993957978],[201235.697351799812168,235537.266096711799037],[201131.920549790520454,235641.042898721090751],[201032.467781198269222,235751.305750855972292],[200943.825096148677403,235842.110452614113456],[200857.344427807576722,235900.484903744334588],[200762.215692632395076,235937.239187789295102],[200930.852995897497749,235331.874509401706746],[200433.589152936270693,235414.031144325737841],[200344.898367585672531,235169.990965461038286],[200179.361071432678727,235205.645152324752416],[200092.772331906511681,235223.472245756624034],[200016.009323706646683,235055.136323075334076],[199649.240105636330554,235220.895008542691357],[199759.42477409139974,235518.7686202012992],[199779.396287130919518,235606.691849258291768],[199833.389796597650275,235854.646217993489699],[199858.522653029242065,235947.888222539273556],[199889.402974321419606,236069.854742932191584],[199802.435145750321681,236117.023734699556371],[199709.571193208277691,236164.192726466950262],[199516.473133160558064,236230.524121139838826],[199574.825335880595958,236294.443459895439446],[199769.167412171897013,236470.894539065542631],[199915.277734248520574,236527.453373417782132],[199821.639889751299052,236657.792534660809906],[199818.6563922300993,236847.953434747149004],[200014.49328854540363,236773.777171905123396],[200234.123757853463758,236709.190067695482867],[200341.327900916046929,236710.975346177845495],[200512.844733043515589,236784.173607768199872],[200652.293971027742373,236890.610599876439665],[200849.763574874319602,237052.329863654565997],[201388.164045504759997,237470.100612621783512],[201452.600424825330265,237518.408692671306198],[201524.784640876343474,237566.021430065273307],[201572.486128659511451,237562.78243608615594]]]]}},
{"type":"Feature","properties":{"id":43,"PROVINCE":"SIDI BENNOUR","CERCLE":"ZEMAMRA","COMMUNE":"SANIAT BERGUIG","DOUAR":"OULED YAAGOUB + OULED BOUHMID","ETAT":"ACHEVEE","SUP EN HA":57.66,"NB HABITAN":519,"CENTROID_X":201764.55,"CENTROID_Y":244134.56,"VALIDATION":"2025-07-10","OBSERVATIO":"REDELIMITER - TOUCHE PAR LA ZONE AGRICOLE REMEMBREE","PROVINCE_A":"سيدي بنور","CERCLE_AR":"زمامرة","COMMUNE_AR":"سانية بركيك","DOUAR_AR":"أولاد يعقوب - أولاد بوحميد","REF":"DD/SDB/SAN/4/2025","LISTE ORMV":null,"VERSION":"V2","CHEMIN PDF":"Documents_Signés/SIDI BENNOUR/DD_SDB_SAN_4_2025.pdf"},"geometry":{"type":"MultiPolygon","coordinates":[[[[200889.733066231885459,243443.146687781845685],[200872.675179730926175,243470.865753345889971],[201194.642787436314393,243848.27149217936676],[201109.353354931576177,243931.428688871470513],[201872.693775849009398,244436.768576462054625],[201943.057557665393688,244485.810000152298016],[202060.33052735941601,244566.834961031796411],[202124.297601737984223,244624.40532797249034],[202237.306099806766724,244652.124393536534626],[202346.050126250309404,244530.586952217272483],[202495.306633133586729,244622.273092159884982],[202634.002290352946147,244466.599224089761265],[202482.513218257896369,244372.801502083515516],[202464.567546652862802,244367.223885106039234],[202451.689284575346392,244356.065968277020147],[202431.102738596993731,244341.651113597268704],[202395.091549940523691,244321.627842580666766],[202214.746839531202568,244230.825834357965505],[202029.753987531701569,244109.854287446243688],[201602.266302966891089,243851.192940444743726],[201544.288546328170924,243812.736938841146184],[201473.049124663957627,243765.708506298658904],[201440.540836771047907,243747.940366229449864],[201402.814396932139061,243724.3779761888145],[201296.194146075722529,243657.570028505462687],[201200.920532712014392,243597.993595046718838],[200907.197720038908301,243431.568445929384325],[200889.733066231885459,243443.146687781845685]]]]}},
{"type":"Feature","properties":{"id":44,"PROVINCE":"SIDI BENNOUR","CERCLE":"ZEMAMRA","COMMUNE":"SANIAT BERGUIG","DOUAR":"EL HAOUD BENI YAKHLEF","ETAT":"ACHEVEE","SUP EN HA":166.05,"NB HABITAN":1494,"CENTROID_X":206431.7,"CENTROID_Y":235656.97,"VALIDATION":"2025-07-10","OBSERVATIO":"N/A","PROVINCE_A":"سيدي بنور","CERCLE_AR":"زمامرة","COMMUNE_AR":"سانية بركيك","DOUAR_AR":"الحوض بني يخلف","REF":"DD/SDB/SAN/5/2025","LISTE ORMV":"OK","VERSION":"V2","CHEMIN PDF":"Documents_Signés/SIDI BENNOUR/DD_SDB_SAN_5_2025.pdf"},"geometry":{"type":"MultiPolygon","coordinates":[[[[205695.463159687496955,236288.267179259157274],[206345.964159467403078,236244.434295946615748],[206781.076564615679672,235952.95539363916032],[207531.378183923778124,235579.464543319831137],[207516.438549910992151,235474.887105230416637],[207581.17696396636893,235459.947471217659768],[207610.471515120676486,235446.538465382938739],[207572.818429913866566,235244.581008364621084],[206530.42270506802015,235044.957637529529165],[206510.503193050972186,235111.356010919640539],[206455.724535004148493,235174.434465640224516],[206405.92575496158679,235219.253367678553332],[206273.129008181393147,235275.691985060140723],[206110.452993375627557,235292.291578407661291],[205947.776978569891071,235300.591375081421575],[205839.879621810978279,235307.23121242041816],[205708.742834365519229,235338.770439780724701],[205441.489381470368244,235818.498687524202978],[205522.827388873236487,236062.512709732836811],[205627.404826962650986,236289.927138593920972],[205695.463159687496955,236288.267179259157274]]]]}},
{"type":"Feature","properties":{"id":45,"PROVINCE":"SIDI BENNOUR","CERCLE":"ZEMAMRA","COMMUNE":"SANIAT BERGUIG","DOUAR":"BOUHSSAINAT - BERREKAB","ETAT":"ACHEVEE","SUP EN HA":205.36,"NB HABITAN":1848,"CENTROID_X":205208.44,"CENTROID_Y":237946.12,"VALIDATION":"2025-07-10","OBSERVATIO":"REDELIMITER - TOUCHE PAR LA ZONE AGRICOLE REMEMBREE","PROVINCE_A":"سيدي بنور","CERCLE_AR":"زمامرة","COMMUNE_AR":"سانية بركيك","DOUAR_AR":"بوحسينات - بركاب","REF":"DD/SDB/SAN/6/2025","LISTE ORMV":null,"VERSION":"V2","CHEMIN PDF":"Documents_Signés/SIDI BENNOUR/DD_SDB_SAN_6_2025.pdf"},"geometry":{"type":"MultiPolygon","coordinates":[[[[205825.408378574444214,238823.388513413287001],[205800.476714382617502,238681.994019549281802],[205774.169474335591076,238600.756029809563188],[205679.186403541389154,238333.911397096089786],[205622.285966622992419,238063.597107654059073],[205609.878632346371887,237981.905321263941005],[205616.386610167828621,237882.898332638753345],[205614.571423566259909,237827.298709557129769],[205615.834732417511987,237755.179210537287872],[205601.265953258174704,237649.902964002510998],[205573.505438975524157,237573.165130724053597],[205557.33773211191874,237495.631380069506122],[205507.906035346735734,237341.112678844947368],[205502.089926133747213,237268.411313682590844],[205507.906035346735734,237059.031382014916744],[205499.181871527252952,236951.433361574599985],[205499.181871527252952,236951.433361574599985],[205400.308014906418975,236753.685648332932033],[205315.974431318056304,236579.202371943218168],[205470.101325462281238,236486.144624535372714],[205411.940233332396019,236300.029129719681805],[205313.066376711562043,236300.029129719681805],[205275.261666827107547,236279.672747474221978],[205193.836137845239136,236288.396911293704761],[205083.330062798428116,236404.719095553504303],[204972.823987751617096,236614.099027221178403],[204946.651496293168748,236803.122576643363573],[204952.46760550615727,236977.605853033077437],[205007.720643029548228,237184.077730094228173],[204728.547400806011865,237431.262371646298561],[204778.610790670907591,237988.578283519367687],[204916.507699018839048,238357.139111285679974],[204635.699449292122154,238956.363858470343985],[204658.264397930877749,239116.825715457060141],[204951.608730234671384,239164.462829249969218],[205011.781926604686305,239189.534994404151803],[204966.652029327175114,239232.157675166236004],[205012.594162310182583,239257.956030335975811],[205825.408378574444214,238823.388513413287001]]]]}},
{"type":"Feature","properties":{"id":46,"PROVINCE":"SIDI BENNOUR","CERCLE":"ZEMAMRA","COMMUNE":"SANIAT BERGUIG","DOUAR":"DRABLA CHIDMI","ETAT":"ACHEVEE","SUP EN HA":13.67,"NB HABITAN":123,"CENTROID_X":201544.36,"CENTROID_Y":231210.21,"VALIDATION":"2025-07-10","OBSERVATIO":"N/A","PROVINCE_A":"سيدي بنور","CERCLE_AR":"زمامرة","COMMUNE_AR":"سانية بركيك","DOUAR_AR":"الدرابلة الشيضمي","REF":"DD/SDB/SAN/7/2025","LISTE ORMV":"OK","VERSION":"V2","CHEMIN PDF":"Documents_Signés/SIDI BENNOUR/DD_SDB_SAN_7_2025.pdf"},"geometry":{"type":"MultiPolygon","coordinates":[[[[201447.174179560010089,231514.130385798693169],[201509.425831714761443,231495.454890152264852],[201589.107946472853655,231479.269460592040559],[201653.849664713809034,231459.348931902495679],[201656.339730800013058,231408.302577135589672],[201660.074829929275438,231388.382048446073895],[201660.074829929275438,231370.951585842733039],[201663.809929058566922,231356.011189325596206],[201661.51290681748651,231344.746028394176392],[201667.797935576556483,231333.747228065796662],[201679.995358618820319,231327.375429334410001],[201687.465556877374183,231308.699933687981684],[201698.437450777040794,231283.466997993207769],[201717.292537054279819,231247.328082628519041],[201718.863794244040037,231231.615510730829556],[201708.650622510554967,231201.761624125239905],[201708.631118610006524,231179.216497206070926],[201673.770193403324811,231042.2628624655772],[201640.154301239759661,231027.322465948440367],[201565.452318654046394,230976.276111181534361],[201550.511922136909561,230973.786045095359441],[201535.571525619772729,230909.044326854404062],[201460.869543034059461,230940.170152931765188],[201392.392725663812598,230961.335714664397528],[201393.637758706900058,231054.713192896539113],[201412.313254353328375,231196.646959809411783],[201447.174179560010089,231405.812511049414752],[201447.174179560010089,231514.130385798693169]]]]}},
{"type":"Feature","properties":{"id":47,"PROVINCE":"SIDI BENNOUR","CERCLE":"ZEMAMRA","COMMUNE":"LGHARBIA","DOUAR":"KOUDIA","ETAT":"ACHEVEE","SUP EN HA":72.87,"NB HABITAN":656,"CENTROID_X":175608.09,"CENTROID_Y":227192.69,"VALIDATION":"2025-07-10","OBSERVATIO":"N/A","PROVINCE_A":"سيدي بنور","CERCLE_AR":"زمامرة","COMMUNE_AR":"الغربية","DOUAR_AR":"الكدية - الغلامات - الحساسنة - أولاد سي علي بن عزوز","REF":"DD/SDB/LGH/6/2025","LISTE ORMV":"OK","VERSION":"V2","CHEMIN PDF":"Documents_Signés/SIDI BENNOUR/DD_SDB_LGH_6_2025.pdf"},"geometry":{"type":"MultiPolygon","coordinates":[[[[176134.425017113127979,227672.788347658817656],[175739.88243375820457,226693.4475257533486],[175647.533479637670098,226463.995580606366275],[175551.547464708710322,226510.961440384096932],[175480.485466502083,226580.133199294650694],[175439.182317611121107,226691.404775574337691],[175290.692571278486867,226858.530813247925835],[175085.567299981368706,226889.882999519992154],[175001.562931135733379,226956.547511641314486],[174806.107325025397586,227027.687534385942854],[174973.022491898736916,227116.104994224471739],[175188.598491953191115,227153.127898384758737],[175275.531849188526394,227193.665588612726424],[175476.830554120824672,227343.805367711407598],[175521.120968154020375,227373.394985315448139],[175594.288689498353051,227432.089464591233991],[175579.142666751722572,227507.690848000900587],[175580.141825827508001,227577.415865800372558],[175479.659771409846144,227812.065052579971962],[175521.620418154285289,227822.694965140544809],[175625.470928551338147,227810.798809528758284],[175732.991696853801841,227800.614123285689857],[175943.754560036963085,227789.420395563123748],[176072.678577851969749,227766.87456258336897],[176099.339895054639783,227748.02863472016179],[176134.425017113127979,227672.788347658817656]]]]}},
{"type":"Feature","properties":{"id":48,"PROVINCE":"SIDI BENNOUR","CERCLE":"ZEMAMRA","COMMUNE":"LGHARBIA","DOUAR":"LAHOUARJA","ETAT":"ACHEVEE","SUP EN HA":63.36,"NB HABITAN":570,"CENTROID_X":171022.81,"CENTROID_Y":220767.55,"VALIDATION":"2025-07-10","OBSERVATIO":"N/A","PROVINCE_A":"سيدي بنور","CERCLE_AR":"زمامرة","COMMUNE_AR":"الغربية","DOUAR_AR":"لحوارجة","REF":"DD/SDB/LGH/7/2025","LISTE ORMV":"OK","VERSION":"V2","CHEMIN PDF":"Documents_Signés/SIDI BENNOUR/DD_SDB_LGH_7_2025.pdf"},"geometry":{"type":"MultiPolygon","coordinates":[[[[170684.968059950158931,221029.267621866369154],[170895.42171563510783,221170.26249385936535],[171065.573839199205395,221249.605732128635282],[171080.197295349062188,221325.474922783963848],[171117.225165471958462,221337.979222114081495],[171270.170712357910816,221423.585142127820291],[171434.566246203787159,221433.574917499354342],[171148.575574525806587,221107.351034163264558],[171408.313757743861061,220826.073171912779799],[171447.803491428203415,220787.342576267779805],[171422.378461470361799,220775.486690089601325],[171439.838084161630832,220743.150565235351678],[171536.287706301081926,220669.07376083068084],[171412.394090192043222,220516.059617374994559],[171351.238016415154561,220468.493751536647324],[171264.920490772958146,220418.719068149919622],[171011.845760531403357,220307.851503462850815],[170898.279222442390164,220250.132476968428819],[170808.34532806056086,220315.342414941434981],[170690.909375218790956,220398.681452916527633],[170650.497118210536428,220403.647308357147267],[170569.925650207122089,220387.505576128547546],[170684.968059950158931,221029.267621866369154]]]]}},
{"type":"Feature","properties":{"id":49,"PROVINCE":"SIDI BENNOUR","CERCLE":"ZEMAMRA","COMMUNE":"LGHARBIA","DOUAR":"OULED AZZAZ","ETAT":"ACHEVEE","SUP EN HA":65.18,"NB HABITAN":587,"CENTROID_X":169544.82,"CENTROID_Y":220241.23,"VALIDATION":"2025-07-10","OBSERVATIO":"N/A","PROVINCE_A":"سيدي بنور","CERCLE_AR":"زمامرة","COMMUNE_AR":"الغربية","DOUAR_AR":"أولاد عزاز","REF":"DD/SDB/LGH/8/2025","LISTE ORMV":"OK","VERSION":"V2","CHEMIN PDF":"Documents_Signés/SIDI BENNOUR/DD_SDB_LGH_8_2025.pdf"},"geometry":{"type":"MultiPolygon","coordinates":[[[[169163.576819322974188,219745.289247735636309],[169100.512819357652916,219870.189393738750368],[169012.472017600841355,219903.877927030145656],[169123.242296951735625,219950.708851208037231],[169130.117719771340489,219987.669651177682681],[169087.49321386392694,220037.714045649277978],[169025.197920759237604,220083.407906788255787],[169048.060848580789752,220168.811698500008788],[169133.219069507002132,220208.521629072754877],[169164.105148021772038,220193.991411738184979],[169080.324088708963245,220347.807877348299371],[169145.688737045187736,220414.45370378557709],[169228.733084001491079,220448.355813358386513],[169269.398495835863287,220469.729459008492995],[169300.161788957891986,220486.485670871043112],[169313.501619080052478,220509.58350464340765],[169338.190190747205634,220518.684921990992734],[169366.183023596706335,220541.38240508097806],[169408.695408946077805,220558.795203246147139],[169452.398181507887784,220583.996246153721586],[169503.622298357222462,220598.238233363983454],[169810.609308109531412,220813.720207656588173],[169870.25692633446306,220742.68118854786735],[169788.915437831019517,220663.763133808097336],[169825.865572965965839,220620.716947548877215],[169894.256917194928974,220655.019407804036746],[169938.984632237581536,220574.612070892791962],[170128.721097878093133,220255.619733292900492],[170029.299560072191525,220194.792392690258566],[169882.870988522132393,220095.167943437671056],[169739.736013319721678,219972.968796487839427],[169615.748689239408122,219871.753609340434195],[169511.44281719106948,219811.059718965261709],[169314.211809143482242,219784.187812108953949],[169163.576819322974188,219745.289247735636309]]]]}},
{"type":"Feature","properties":{"id":50,"PROVINCE":"SIDI BENNOUR","CERCLE":"ZEMAMRA","COMMUNE":"LGHARBIA","DOUAR":"JAAFRA","ETAT":"ACHEVEE","SUP EN HA":58.57,"NB HABITAN":527,"CENTROID_X":172658.92,"CENTROID_Y":222794.28,"VALIDATION":"2025-07-10","OBSERVATIO":"N/A","PROVINCE_A":"سيدي بنور","CERCLE_AR":"زمامرة","COMMUNE_AR":"الغربية","DOUAR_AR":"الجعافرة","REF":"DD/SDB/LGH/9/2025","LISTE ORMV":"OK","VERSION":"V2","CHEMIN PDF":"Documents_Signés/SIDI BENNOUR/DD_SDB_LGH_9_2025.pdf"},"geometry":{"type":"MultiPolygon","coordinates":[[[[172316.118962069420377,223386.232497906457866],[172383.029292995401192,223344.71158574821311],[172398.968858983105747,223388.505183375295019],[172602.771338887774618,223293.344594053778565],[172567.833091736159986,223218.315854557818966],[172629.541689667501487,223193.948256897361716],[172668.003486649511615,223273.41704358154675],[172757.268865067948354,223219.944549920153804],[172714.986267103260616,223166.663983661564998],[172875.899274788185721,223037.518760397710139],[172955.987307677918579,223021.721634010900743],[173035.313654761208454,223019.554272291541565],[173069.143477152189007,222970.998632422968512],[173156.111426200834103,222916.454829852387775],[173211.689421829185449,222875.243540796887828],[173119.779875086736865,222790.430581517139217],[173005.800160053622676,222644.980333215266],[172875.738439431937877,222492.030922548932722],[172744.128603296383517,222282.419835394539405],[172698.155271999450633,222177.072451387502952],[172596.343809773272369,222269.446432784112403],[172549.478725019464036,222255.983851618570043],[172491.138865367160179,222279.125328818423441],[172552.872207199427066,222338.678936980868457],[172507.710049510846147,222387.544199952186318],[172491.485604321351275,222416.339472850377206],[172327.463993658253457,222390.200740226660855],[172279.992034649389097,222396.034091377339792],[172320.596449449833017,222470.908019321941538],[172317.147131322330097,222718.231589602393797],[172350.085200256435201,222761.560752575314837],[172453.909212650585687,222742.846950613195077],[172445.803176031069597,222778.224888518016087],[172364.03695997709292,222815.615376590809319],[172420.296061563392868,223006.87177268776577],[172381.264506177773001,223072.580727054126328],[172314.961049506848212,223094.80570689617889],[172316.118962069420377,223386.232497906457866]]]]}},
{"type":"Feature","properties":{"id":51,"PROVINCE":"SIDI BENNOUR","CERCLE":"ZEMAMRA","COMMUNE":"LGHARBIA","DOUAR":"LAKRADDA","ETAT":"ACHEVEE","SUP EN HA":58.54,"NB HABITAN":527,"CENTROID_X":173939.88,"CENTROID_Y":222317.44,"VALIDATION":"2025-07-10","OBSERVATIO":"REDELIMITER - TOUCHE PAR LA ZONE AGRICOLE REMEMBREE","PROVINCE_A":"سيدي بنور","CERCLE_AR":"زمامرة","COMMUNE_AR":"الغربية","DOUAR_AR":"لكرايدة","REF":"DD/SDB/LGH/10/2025","LISTE ORMV":null,"VERSION":"V2","CHEMIN PDF":"Documents_Signés/SIDI BENNOUR/DD_SDB_LGH_10_2025.pdf"},"geometry":{"type":"MultiPolygon","coordinates":[[[[173691.809847470663954,222405.127784771553706],[173703.29910449689487,222426.8898763541074],[173777.043733264901675,222527.403636335977353],[173850.871235463418998,222636.748258383013308],[174029.049109583313111,222903.128346338082338],[174495.696894264110597,222598.234633422514889],[173981.004139364056755,221853.091476068773773],[173754.071128400071757,222012.519799689092906],[173570.004849373101024,221754.549225464957999],[173340.75930878642248,221915.705441427999176],[173691.809847470663954,222405.127784771553706]]]]}},
{"type":"Feature","properties":{"id":52,"PROVINCE":"SIDI BENNOUR","CERCLE":"ZEMAMRA","COMMUNE":"LGHARBIA","DOUAR":"OULED SI MASSEOUD","ETAT":"ACHEVEE","SUP EN HA":16.16,"NB HABITAN":145,"CENTROID_X":176016.16,"CENTROID_Y":223504.92,"VALIDATION":"2025-07-10","OBSERVATIO":"N/A","PROVINCE_A":"سيدي بنور","CERCLE_AR":"زمامرة","COMMUNE_AR":"الغربية","DOUAR_AR":"أولاد سي مسعود","REF":"DD/SDB/LGH/11/2025","LISTE ORMV":"OK","VERSION":"V2","CHEMIN PDF":"Documents_Signés/SIDI BENNOUR/DD_SDB_LGH_11_2025.pdf"},"geometry":{"type":"MultiPolygon","coordinates":[[[[175690.957770375360269,223532.360555132530862],[175773.556876344460761,223594.014573536580428],[175842.369728135265177,223623.210355464369059],[175937.141493306669872,223615.343954189389478],[175996.624750448827399,223689.356297994585475],[176059.959610926976893,223668.276716233289335],[176136.465990794589743,223742.996627926768269],[176181.349799770105164,223711.867090627900325],[176213.007635258720256,223668.785824922088068],[176261.995960867207032,223594.741498615272576],[176286.687025668186834,223554.195930068672169],[176293.240802861313568,223493.624094045429956],[176189.155518136773026,223332.293392849329393],[176123.05763320371625,223381.006333565019304],[176092.341089399356861,223394.158663453505142],[175978.359532834467245,223235.443699515395565],[175911.893429909221595,223377.980717217957135],[175863.753562885540305,223375.777973454416497],[175824.014791826950386,223402.076236731081735],[175749.102817434351891,223364.252031542564509],[175709.68420677082031,223402.2682994302304],[175754.279837852867786,223467.892340271006105],[175690.957770375360269,223532.360555132530862]]]]}},
{"type":"Feature","properties":{"id":53,"PROVINCE":"SIDI BENNOUR","CERCLE":"ZEMAMRA","COMMUNE":"LGHARBIA","DOUAR":"DHHAHEJA - TYOUR","ETAT":"ACHEVEE","SUP EN HA":108.89,"NB HABITAN":980,"CENTROID_X":179291.83,"CENTROID_Y":224130.12,"VALIDATION":"2025-07-10","OBSERVATIO":"N/A","PROVINCE_A":"سيدي بنور","CERCLE_AR":"زمامرة","COMMUNE_AR":"الغربية","DOUAR_AR":"الدهاهجة - الطيور","REF":"DD/SDB/LGH/12/2025","LISTE ORMV":"OK","VERSION":"V2","CHEMIN PDF":"Documents_Signés/SIDI BENNOUR/DD_SDB_LGH_12_2025.pdf"},"geometry":{"type":"MultiPolygon","coordinates":[[[[179009.448977059859317,224138.461190163390711],[179038.419662404165138,224218.057493972999509],[179182.519917073805118,224334.205917653860524],[179288.859586633043364,224557.577388356468873],[179315.922768676886335,224531.034460288501577],[179492.619104408164276,224750.498754689644556],[180096.983064706844743,224603.976298059424153],[180200.017154842964374,224524.743117736448767],[180208.682404514140217,224369.685333012370393],[180015.945377582131187,224289.601255621208111],[179913.252757336449577,224163.389506146515487],[180087.862805681768805,224124.875748984253732],[179941.437790234514978,223850.992483113135677],[179962.06304220185848,223806.76148753191228],[179837.921481832570862,223658.309590171702439],[179718.532439517235616,223720.125656767457258],[179836.24689660812146,223887.609563773061382],[179644.897119000699604,223967.270828371314565],[179342.043167785304831,224034.099540008959593],[179097.878487827983918,224069.551462622213876],[179095.055126670689788,224038.862884861038765],[179152.400455796654569,223994.621062481717672],[179044.727670903375838,223795.104635582800256],[179150.991552875872003,223761.435566175088752],[179044.548886817909079,223643.265815896971617],[178875.666903689620085,223564.51485383984982],[178529.915072227013297,223586.863269706460414],[178339.378155977756251,223696.275600612832932],[178285.2734454862657,223822.801611066010082],[178379.539289452513913,224003.827935891633388],[178397.021363968378864,224207.793446664145449],[178996.312989918893436,224129.888110192812746],[179009.448977059859317,224138.461190163390711]]]]}},
{"type":"Feature","properties":{"id":54,"PROVINCE":"SIDI BENNOUR","CERCLE":"ZEMAMRA","COMMUNE":"LGHARBIA","DOUAR":"LGHERABA","ETAT":"ACHEVEE","SUP EN HA":45.78,"NB HABITAN":412,"CENTROID_X":183608.27,"CENTROID_Y":224787.87,"VALIDATION":"2025-07-10","OBSERVATIO":"N/A","PROVINCE_A":"سيدي بنور","CERCLE_AR":"زمامرة","COMMUNE_AR":"الغربية","DOUAR_AR":"لغرابة","REF":"DD/SDB/LGH/13/2025","LISTE ORMV":"OK","VERSION":"V2","CHEMIN PDF":"Documents_Signés/SIDI BENNOUR/DD_SDB_LGH_13_2025.pdf"},"geometry":{"type":"MultiPolygon","coordinates":[[[[183142.812106689350912,224911.21802547344123],[183472.905778742744587,225230.40958383391262],[183681.808404145354871,225068.118211738124955],[183979.08325696666725,224936.917138024844462],[183919.661951626330847,224764.178873175696936],[184033.475452286336804,224650.29823762291926],[184081.934772918350063,224597.007579709927086],[184170.91562853124924,224500.215944354014937],[184049.858851666067494,224474.121286323294044],[183939.976946668961318,224456.610339300590567],[183816.258046557049965,224483.238835645111976],[183717.931835597439203,224513.276180710003246],[183613.747539830568712,224403.984157548256917],[183485.342859149619471,224509.374422777240397],[183229.358645080443239,224700.303029674832942],[183112.143755132652586,224864.875702847988578],[183142.812106689350912,224911.21802547344123]]]]}},
{"type":"Feature","properties":{"id":55,"PROVINCE":"SIDI BENNOUR","CERCLE":"OUALIDIA","COMMUNE":"OUALIDIA","DOUAR":"DEHAHJA","ETAT":"ACHEVEE","SUP EN HA":111.88,"NB HABITAN":1007,"CENTROID_X":167398.83,"CENTROID_Y":234961.87,"VALIDATION":"2025-07-10","OBSERVATIO":"N/A","PROVINCE_A":"سيدي بنور","CERCLE_AR":"الوالدية","COMMUNE_AR":"الوالدية","DOUAR_AR":"الدههجة","REF":"DD/SDB/OUA/1/2025","LISTE ORMV":"OK","VERSION":"V2","CHEMIN PDF":"Documents_Signés/SIDI BENNOUR/DD_SDB_OUA_1_2025.pdf"},"geometry":{"type":"MultiPolygon","coordinates":[[[[166588.450868034269661,234730.259292380156694],[167754.235449034662452,235737.725862046907423],[168241.573698649619473,235272.494510414020624],[167033.386533778771991,234148.527799036673969],[166588.450868034269661,234730.259292380156694]]]]}},
{"type":"Feature","properties":{"id":56,"PROVINCE":"SIDI BENNOUR","CERCLE":"OUALIDIA","COMMUNE":"OUALIDIA","DOUAR":"OULED HLAL","ETAT":"ACHEVEE","SUP EN HA":161.92,"NB HABITAN":1457,"CENTROID_X":166673.55,"CENTROID_Y":248497.5,"VALIDATION":"2025-07-10","OBSERVATIO":"N/A","PROVINCE_A":"سيدي بنور","CERCLE_AR":"الوالدية","COMMUNE_AR":"الوالدية","DOUAR_AR":"أولاد هلال 1 و 2","REF":"DD/SDB/OUA/2/2025","LISTE ORMV":"OK","VERSION":"V2","CHEMIN PDF":"Documents_Signés/SIDI BENNOUR/DD_SDB_OUA_2_2025.pdf"},"geometry":{"type":"MultiPolygon","coordinates":[[[[165659.842931189981755,248309.641461830731714],[167027.402714705764083,249310.511953257228015],[167067.161814511957346,249296.854099875694374],[167096.729665294347797,249264.13384409371065],[167124.140457663714187,249223.252662987419171],[167164.031567034602631,249214.426414988352917],[167225.274146783631295,249208.401448672200786],[167274.89447170184576,249201.726984234963311],[167291.535796559823211,249173.71159912191797],[167326.392011349962559,249139.879811742284801],[167351.06225196752348,249104.875762833777117],[167377.625531868659891,249068.369428484671516],[167420.977970746112987,249062.34973701974377],[167434.223970879887929,249033.943598063779064],[167463.984561158140423,248990.580609483935405],[167524.897116995387478,248972.476629711629357],[167553.358711031294661,248952.358150793472305],[167624.731809872959275,248980.869925058126682],[167640.32760791562032,248949.981978628580691],[167656.902927991235629,248919.550790824316209],[167681.649723093578359,248922.74282635023701],[167697.580819899216294,248921.824034248420503],[167705.343877697276184,248912.045842784107663],[167727.48396944461274,248919.072932794195367],[167766.604120832023909,248952.817615986656165],[167794.878250223264331,248961.232010737963719],[167826.090945713425754,248971.016681365203112],[167842.671540640236344,248958.475634432543302],[167868.062559012556449,248932.155274256016128],[167879.52371490074438,248926.377417778014205],[166205.761656337272143,247584.854220198991243],[165659.842931189981755,248309.641461830731714]]]]}},
{"type":"Feature","properties":{"id":57,"PROVINCE":"SIDI BENNOUR","CERCLE":"OUALIDIA","COMMUNE":"OUALIDIA","DOUAR":"LAKLIAA - EL BIT","ETAT":"ACHEVEE","SUP EN HA":103.25,"NB HABITAN":929,"CENTROID_X":164245.91,"CENTROID_Y":238113.38,"VALIDATION":"2025-07-10","OBSERVATIO":"N/A","PROVINCE_A":"سيدي بنور","CERCLE_AR":"الوالدية","COMMUNE_AR":"الوالدية","DOUAR_AR":"لقليعة - لبيت","REF":"DD/SDB/OUA/3/2025","LISTE ORMV":"OK","VERSION":"V2","CHEMIN PDF":"Documents_Signés/SIDI BENNOUR/DD_SDB_OUA_3_2025.pdf"},"geometry":{"type":"MultiPolygon","coordinates":[[[[163621.312880816316465,238581.917139365425101],[163751.234643420146313,238422.352599793492118],[163823.989769959269324,238471.593519594636746],[163923.001394526218064,238345.47361820997321],[164051.842307007289492,238430.439423963194713],[164083.680654940690147,238345.74068310909206],[164179.229569460701896,238206.520108167140279],[164285.844694478873862,238273.464535454928409],[164320.560816581331892,238350.911517556407489],[164672.378740462067071,238419.089354660332901],[164833.258265103999292,238580.667212797416141],[165053.410916179855121,238734.099694301054114],[165164.439532410906395,238528.02287234243704],[165005.626765556400642,238433.06048056849977],[164907.818844403023832,238410.571038206748199],[164879.688525782461511,238354.122580641094828],[165018.545104837277904,238125.586341836518841],[164721.201681098522386,237787.315711680595996],[164601.981796767911874,237628.348698512912961],[164261.728838490234921,237532.859057752561057],[164089.148302160494495,237693.589124246733263],[164060.005562283680774,237678.085310571797891],[163899.135446089640027,238096.967713233141694],[163570.889720720151672,237844.359011418215232],[163396.622340183472261,237971.758864397997968],[163297.653054016263923,238241.473325308179483],[163621.312880816316465,238581.917139365425101]]]]}},
{"type":"Feature","properties":{"id":58,"PROVINCE":"SIDI BENNOUR","CERCLE":"OUALIDIA","COMMUNE":"OUALIDIA","DOUAR":"LKERARMA","ETAT":"ACHEVEE","SUP EN HA":55.48,"NB HABITAN":499,"CENTROID_X":166200.86,"CENTROID_Y":239568.25,"VALIDATION":"2025-07-10","OBSERVATIO":"N/A","PROVINCE_A":"سيدي بنور","CERCLE_AR":"الوالدية","COMMUNE_AR":"الوالدية","DOUAR_AR":"لكرارمة","REF":"DD/SDB/OUA/4/2025","LISTE ORMV":"OK","VERSION":"V2","CHEMIN PDF":"Documents_Signés/SIDI BENNOUR/DD_SDB_OUA_4_2025.pdf"},"geometry":{"type":"MultiPolygon","coordinates":[[[[165707.645984463335481,239362.701027773699025],[166046.472740349243395,239815.646935137192486],[166262.356140461924952,239998.023695233336184],[166361.539519061450846,239990.465510855807224],[166648.3369046994776,240136.158695535501465],[166730.700733805802884,240074.920851320930524],[166686.083981727075297,239743.224165281455498],[166645.711727609013906,239744.327219705563039],[166583.278153910912806,239677.348969341081101],[166483.21233177211252,239652.60935042417259],[166401.925111515447497,239664.526861349266255],[166352.47684240055969,239599.617968816135544],[166410.498198402143316,239505.107202708430123],[166332.184933043579804,239241.399146398121957],[166024.954363887198269,238998.490450699377107],[165793.570556445833063,239165.613859926146688],[165679.469266448635608,239277.817803874873789],[165707.645984463335481,239362.701027773699025]]]]}},
{"type":"Feature","properties":{"id":59,"PROVINCE":"SIDI BENNOUR","CERCLE":"OUALIDIA","COMMUNE":"OUALIDIA","DOUAR":"MOULAY CHEKAKAN","ETAT":"ACHEVEE","SUP EN HA":61.61,"NB HABITAN":554,"CENTROID_X":168486.19,"CENTROID_Y":241226.68,"VALIDATION":"2025-07-10","OBSERVATIO":"N/A","PROVINCE_A":"سيدي بنور","CERCLE_AR":"الوالدية","COMMUNE_AR":"الوالدية","DOUAR_AR":"مولاي شكاكان","REF":"DD/SDB/OUA/5/2025","LISTE ORMV":"OK","VERSION":"V2","CHEMIN PDF":"Documents_Signés/SIDI BENNOUR/DD_SDB_OUA_5_2025.pdf"},"geometry":{"type":"MultiPolygon","coordinates":[[[[168389.194293126289267,240657.483664810046321],[168396.793585690815235,241060.222076292615384],[168030.674945128994295,241173.386972466832958],[168086.382704913441557,241622.518964130664244],[168324.138861990068108,241819.088766854372807],[168535.152912648656638,241831.783948749420233],[168596.873366988642374,241785.575169105752138],[168520.003021880955203,241674.740438329841709],[168453.117984317010269,241611.41307588329073],[168553.171205430087866,241408.225310462439666],[168597.471937047841493,241404.849411170114763],[168684.311547955032438,241373.2423776446376],[168711.729752684797859,241386.027696482982719],[168740.602386971761007,241372.787149509240407],[168848.052219405886717,241322.751538792566862],[168952.081779972184449,241325.864387889276259],[169054.127780163806165,241296.007394649437629],[168914.864048626710428,241053.48553506899043],[168742.636380774405552,240832.978047975804657],[168677.438753348775208,240626.32898382487474],[168453.582021474780049,240596.714292290474987],[168389.194293126289267,240657.483664810046321]]]]}},
{"type":"Feature","properties":{"id":60,"PROVINCE":"SIDI BENNOUR","CERCLE":"OUALIDIA","COMMUNE":"OUALIDIA","DOUAR":"BIR JMEL","ETAT":"ACHEVEE","SUP EN HA":65.24,"NB HABITAN":587,"CENTROID_X":170234.23,"CENTROID_Y":243712.88,"VALIDATION":"2025-07-10","OBSERVATIO":"N/A","PROVINCE_A":"سيدي بنور","CERCLE_AR":"الوالدية","COMMUNE_AR":"الوالدية","DOUAR_AR":"بئر الجمل","REF":"DD/SDB/OUA/6/2025","LISTE ORMV":"OK","VERSION":"V2","CHEMIN PDF":"Documents_Signés/SIDI BENNOUR/DD_SDB_OUA_6_2025.pdf"},"geometry":{"type":"MultiPolygon","coordinates":[[[[170481.784378946613288,244185.256530754704727],[170490.995979466562858,244164.174837557104183],[170531.639472824899713,244192.331769261567388],[170552.396679571596906,244137.583301282429602],[170560.527783286263002,244090.917437709664227],[170572.879180788644589,244037.368716140976176],[170586.261495502782054,243965.372546988772228],[170597.506549964484293,243908.784172897780081],[170601.554792983224615,243813.507282457867404],[170636.762265195022337,243716.355763328436296],[170682.683947063633241,243636.819143662636634],[170638.781001488765469,243507.110290924028959],[170585.363026283768704,243403.640381427190732],[170493.761536483536474,243377.100166706397431],[170401.254591094388161,243283.130076442903373],[170351.504564645438222,243176.749341977469157],[170178.312967163394205,243181.481298664002679],[170054.339392165042227,243204.54277859069407],[169979.328058207873255,243236.57207378547173],[170022.018409667449305,243427.463961441477295],[169724.454100243223365,243817.836856157955481],[169813.794439221237553,243898.777289693389321],[169898.868257997353794,244097.879868830059422],[170059.178530552831944,244170.323167821974494],[170197.588560213102028,244195.584475330193527],[170306.230445500754286,244091.434230066632153],[170306.269581885775551,244091.421259271097369],[170481.784378946613288,244185.256530754704727]]]]}},
{"type":"Feature","properties":{"id":61,"PROVINCE":"SIDI BENNOUR","CERCLE":"OUALIDIA","COMMUNE":"OUALIDIA","DOUAR":"SYAYERA","ETAT":"ACHEVEE","SUP EN HA":29.08,"NB HABITAN":262,"CENTROID_X":164023.04,"CENTROID_Y":232796.61,"VALIDATION":"2025-07-10","OBSERVATIO":"N/A","PROVINCE_A":"سيدي بنور","CERCLE_AR":"الوالدية","COMMUNE_AR":"الوالدية","DOUAR_AR":"السيايرة الساحل","REF":"DD/SDB/OUA/7/2025","LISTE ORMV":"OK","VERSION":"V2","CHEMIN PDF":"Documents_Signés/SIDI BENNOUR/DD_SDB_OUA_7_2025.pdf"},"geometry":{"type":"MultiPolygon","coordinates":[[[[164014.975626663275762,233289.738914310466498],[164030.588194868119899,233249.457964102184633],[164110.420049515319988,233159.854275087127462],[164039.83011832961347,233093.644802358641755],[164055.449699134478578,233077.147727342293365],[164053.424449848098448,232979.495543761557201],[164087.612028776551597,232936.778647561353864],[164159.381363657943439,232881.464312096009962],[164234.172840079059824,232772.071145661408082],[164286.882743310241494,232842.626013846835122],[164526.234273189242231,232968.505828318215208],[164526.806443536945153,232848.284236241481267],[164402.386904445302207,232741.119868335750652],[164384.917573196318699,232666.388090935564833],[164299.139795711409533,232608.950145942100789],[164201.771898194245296,232691.962017550657038],[164123.537156548292842,232604.748600706690922],[164106.703109047492035,232623.85010795717244],[164074.484678605018416,232573.948186202644138],[164044.263447048724629,232526.562947261118097],[164016.478161484352313,232497.752719043201068],[164021.416765089175897,232466.762780496763298],[163963.687521432060748,232447.770060467562871],[163892.957154404342873,232494.056632534513483],[163792.546077547274763,232559.795709536527283],[163808.983453542663483,232667.339125527039869],[163766.793053869361756,232652.421540091338102],[163710.811786035104888,232673.878256512631197],[163677.817636002408108,232642.639094902871875],[163604.30032529818709,232657.503993917693151],[163590.077722631569486,232701.603843056072947],[163573.850908478721976,232719.403134189487901],[163601.028960695111891,232749.515578524471493],[163674.992031105124624,232774.492882612190442],[163646.006304044945864,232795.854837012302596],[163667.98250439306139,232847.322223147377372],[163697.831700464623282,232810.509174184611766],[163783.089994022710016,232872.461000877287006],[163764.441259078041185,232919.253031670930795],[163812.454769167699851,232959.081209573399974],[163841.952967554680072,232909.421498282143148],[163871.647702584072249,232937.536743730917806],[163933.297619792516343,233005.918914187903283],[163877.323364558309549,233051.159505801158957],[163898.260597052809317,233111.654655334597919],[163913.030734046449652,233158.176425264799036],[163971.893707578419708,233195.136922669655178],[164008.099523193202913,233226.288334858283633],[163983.195943326543784,233255.895320466544945],[164014.975626663275762,233289.738914310466498]]]]}},
{"type":"Feature","properties":{"id":62,"PROVINCE":"SIDI BENNOUR","CERCLE":"OUALIDIA","COMMUNE":"OUALIDIA","DOUAR":"LBAKIR","ETAT":"ACHEVEE","SUP EN HA":56.46,"NB HABITAN":508,"CENTROID_X":164553.22,"CENTROID_Y":246265.09,"VALIDATION":"2025-07-10","OBSERVATIO":"N/A","PROVINCE_A":"سيدي بنور","CERCLE_AR":"الوالدية","COMMUNE_AR":"الوالدية","DOUAR_AR":"لباكير","REF":"DD/SDB/OUA/8/2025","LISTE ORMV":"OK","VERSION":"V2","CHEMIN PDF":"Documents_Signés/SIDI BENNOUR/DD_SDB_OUA_8_2025.pdf"},"geometry":{"type":"MultiPolygon","coordinates":[[[[163883.58127551880898,246073.114154181006597],[164116.574545536335791,246272.619944824749837],[164290.153934474248672,246439.075926277088001],[164398.882167387171648,246492.449064663698664],[164614.56369161591283,246534.231735257839318],[164574.337127527687699,246568.920394795190077],[164501.368398396123666,246713.9406759456906],[164763.613053005596157,246873.639996803365648],[164845.509837533929385,246738.12759770010598],[164917.046730862173717,246699.332869415200548],[164888.736164479982108,246456.310993442806648],[164874.211101789493114,246321.265970835986082],[164921.306776626443025,246260.384792307362659],[164879.145538592769299,246184.605738980375463],[165016.05431185362977,246040.00555213203188],[164917.094322941760765,245868.260207534069195],[164802.532361878431402,245878.97502507653553],[164730.960006904497277,245797.498334850330139],[164708.997827363375109,245747.172241515829228],[164584.507889950677054,245830.755158584361197],[164630.775196731905453,245937.844541151367594],[164462.236629534367239,245995.542583376693074],[164503.818040917569306,246089.75757414769032],[164282.906256286049029,246173.807867712632287],[164147.073280902783154,245965.052935810032068],[163962.079826142144157,245890.985280569962924],[163862.879719931748696,245955.509746949857799],[163883.58127551880898,246073.114154181006597]]]]}},
{"type":"Feature","properties":{"id":63,"PROVINCE":"SIDI BENNOUR","CERCLE":"OUALIDIA","COMMUNE":"OUALIDIA","DOUAR":"LAHWAMDA","ETAT":"ACHEVEE","SUP EN HA":36.17,"NB HABITAN":326,"CENTROID_X":163572.0,"CENTROID_Y":245523.4,"VALIDATION":"2025-07-10","OBSERVATIO":"N/A","PROVINCE_A":"سيدي بنور","CERCLE_AR":"الوالدية","COMMUNE_AR":"الوالدية","DOUAR_AR":"لحوامدة","REF":"DD/SDB/OUA/9/2025","LISTE ORMV":"OK","VERSION":"V2","CHEMIN PDF":"Documents_Signés/SIDI BENNOUR/DD_SDB_OUA_9_2025.pdf"},"geometry":{"type":"MultiPolygon","coordinates":[[[[163426.712523019610671,245838.254816650791327],[163459.007878988835728,245866.71652646837174],[163503.115791487332899,245889.964811452897266],[163529.455922839144478,245879.463781808386557],[163534.144159641320584,245852.165238918678369],[163537.292401441634865,245828.169225967954844],[163556.953292936988873,245811.873188026453136],[163583.219244310370414,245798.657140088645974],[163601.853472471149871,245784.562788773182547],[163640.599600179732079,245790.568480641872156],[163663.71730975274113,245801.34844565478852],[163700.398254428611835,245771.545568043511594],[163759.045598113239976,245829.718190948537085],[163774.822376205644105,245830.373954390903236],[163845.481103627680568,245811.054321878793417],[163891.488054656627355,245804.363225658773445],[163953.334107392845908,245760.830968442431185],[163957.65737248462392,245740.063305452262284],[163948.764589638594771,245693.029691088770051],[163948.461941543035209,245662.063646549650002],[163976.923651360615622,245629.768290580424946],[163993.133652960095787,245606.502221050526714],[164003.326106327265734,245581.770336497196695],[163997.661673441791208,245533.561698842269834],[163980.122360412235139,245528.063410459028091],[163952.749637544067809,245520.660155363584636],[163934.468524730094941,245488.011684047523886],[163907.968177057831781,245452.870734373515006],[163877.361176047328627,245426.536531203484628],[163842.715773495234316,245391.618121464794967],[163809.616294126753928,245373.503153153083986],[163786.213721003558021,245392.075057698995806],[163766.404469551314833,245402.941059053933714],[163743.948451602453133,245396.490287314605666],[163738.44423503743019,245393.923628978198394],[163736.828685149783269,245398.86969185777707],[163726.482639431429561,245393.369689588696929],[163730.750427124003181,245379.490855549811386],[163733.366406325279968,245344.102620692690834],[163735.294851592974737,245321.017261425469769],[163734.934333357436117,245270.355237297859276],[163608.842458608181914,245188.835370200133184],[163537.942999873514054,245235.302320581773529],[163472.035105256742099,245333.328439458389767],[163412.857225930085406,245284.273428656772012],[163379.048085617629113,245245.785707342409296],[163329.079179179854691,245252.781170628906693],[163306.541613556968514,245233.435296632931568],[163284.004047934111441,245214.089422636956442],[163244.328534161380958,245204.424861273349961],[163216.408102334244177,245212.86526257157675],[163205.969385623699054,245205.472913442470599],[163177.012069139978848,245213.429807484702906],[163167.481664309336338,245239.282053754926892],[163156.710348144522868,245275.916783702472458],[163127.688745272433152,245300.254221816343488],[163139.659021408093395,245344.968834826548118],[163167.392177826463012,245404.607886384183075],[163169.657445343356812,245436.898416583426297],[163190.207489010179415,245493.359197526850039],[163251.40775379180559,245538.461077323823702],[163314.179794344236143,245587.929725236841477],[163359.668562701379415,245623.027312003017869],[163373.36884118343005,245674.860377320146654],[163403.634848151385086,245739.37619144844939],[163417.155525975482306,245797.528614983602893],[163429.184504743199795,245806.924863281281432],[163420.472434852010338,245828.643946747557493],[163426.712523019610671,245838.254816650791327]],[[163444.169068087590858,245785.910668820666615],[163444.891285369405523,245786.567848130885977],[163429.184504743199795,245806.924863281281432],[163444.169068087590858,245785.910668820666615]]]]}},
{"type":"Feature","properties":{"id":64,"PROVINCE":"SIDI BENNOUR","CERCLE":"OUALIDIA","COMMUNE":"OUALIDIA","DOUAR":"RHAMNA","ETAT":"ACHEVEE","SUP EN HA":57.68,"NB HABITAN":519,"CENTROID_X":167826.21,"CENTROID_Y":249337.05,"VALIDATION":"2025-07-10","OBSERVATIO":"N/A","PROVINCE_A":"سيدي بنور","CERCLE_AR":"الوالدية","COMMUNE_AR":"الوالدية","DOUAR_AR":"الرحامنة","REF":"DD/SDB/OUA/10/2025","LISTE ORMV":"OK","VERSION":"V2","CHEMIN PDF":"Documents_Signés/SIDI BENNOUR/DD_SDB_OUA_10_2025.pdf"},"geometry":{"type":"MultiPolygon","coordinates":[[[[167610.165613342862343,249922.921453050221317],[167634.156711055256892,249889.761419938033214],[167716.205290356680052,249754.043566125939833],[167883.693571302079363,249581.412016553396825],[167982.656365461210953,249482.577679774636636],[168126.765261288994225,249517.369144262862392],[168237.910483521060087,249560.668692229519365],[168351.340444368775934,249434.467224759457167],[168429.091550563229248,249293.334098195860861],[168230.305077361204894,249105.121255736099556],[168036.223885662679095,249038.499006660247687],[167957.751570092543261,248950.736842991696903],[167879.52371490074438,248926.377417778014205],[167826.090945713425754,248971.016681365203112],[167766.604120832023909,248952.817615986656165],[167727.48396944461274,248919.072932794195367],[167705.343877697276184,248912.045842784107663],[167697.580819899216294,248921.824034248420503],[167656.902927991235629,248919.550790824316209],[167624.731809872959275,248980.869925058126682],[167553.358711031294661,248952.358150793472305],[167524.897116995387478,248972.476629711629357],[167463.984561158140423,248990.580609483935405],[167434.223970879887929,249033.943598063779064],[167420.977970746112987,249062.34973701974377],[167377.625531868659891,249068.369428484671516],[167344.010325355135137,249119.468517216999317],[167366.049719900242053,249137.079342250101035],[167417.396508302656002,249139.021683176921215],[167455.95073646857054,249162.500079956662375],[167498.866575201100204,249168.761401884490624],[167523.106094030488748,249217.115946934267413],[167470.754652126750443,249351.330826750665437],[167473.194155614066403,249389.992995349923149],[167484.236149997130269,249465.0741885775642],[167438.032606138236588,249545.868966172332875],[167422.258824970456772,249576.038140656746691],[167380.258346801216248,249658.792839970294153],[167610.165613342862343,249922.921453050221317]]]]}},
{"type":"Feature","properties":{"id":65,"PROVINCE":"SIDI BENNOUR","CERCLE":"SIDI BENNOUR","COMMUNE":"LMACHERK","DOUAR":"AAOUACHA","ETAT":"ACHEVEE","SUP EN HA":33.13,"NB HABITAN":298,"CENTROID_X":214632.25,"CENTROID_Y":235571.83,"VALIDATION":"2024-09-19","OBSERVATIO":"N/A","PROVINCE_A":"سيدي بنور","CERCLE_AR":"سيدي بنور","COMMUNE_AR":"لمشرك","DOUAR_AR":"العواشة","REF":"DD/SDB/LMK/1/2024","LISTE ORMV":null,"VERSION":"V1","CHEMIN PDF":"Documents_Signés/SIDI BENNOUR/DD_SDB_LMK_1_2024.pdf"},"geometry":{"type":"MultiPolygon","coordinates":[[[[214120.271451815613545,235830.102637204981875],[214172.496597539808135,235840.547666426282376],[214238.648448847816326,235882.327783035376342],[214263.020183621847536,235938.034605059074238],[214325.690358733350877,236070.338307362166233],[215168.256041133776307,235276.516095995611977],[214861.868519394425675,235137.249040455004433],[214120.271451815613545,235830.102637204981875]]]]}},
{"type":"Feature","properties":{"id":66,"PROVINCE":"SIDI BENNOUR","CERCLE":"ZEMAMRA","COMMUNE":"OULED SBAITA","DOUAR":"ABDELKAMEL LAKHWALDA","ETAT":"ACHEVEE","SUP EN HA":246.75,"NB HABITAN":2221,"CENTROID_X":175725.11,"CENTROID_Y":233399.65,"VALIDATION":"2024-09-19","OBSERVATIO":"N/A","PROVINCE_A":"سيدي بنور","CERCLE_AR":"زمامرة","COMMUNE_AR":"أولاد سبيطة","DOUAR_AR":"عبد الكامل الخوالدة","REF":"DD/SDB/OST/1/2024","LISTE ORMV":null,"VERSION":"V1","CHEMIN PDF":"Documents_Signés/SIDI BENNOUR/DD_SDB_OST_1_2024.pdf"},"geometry":{"type":"MultiPolygon","coordinates":[[[[176030.172313804388978,232787.160997115948703],[175939.104756710818037,232620.559039137355285],[175874.900232126237825,232492.149990624224301],[175840.122781228797976,232382.467261715326458],[175751.841560016269796,232251.383024651266169],[175674.26109304028796,232211.255196867859922],[174802.149638953851536,232882.727510650554905],[174649.663893968507182,233027.187689783837413],[174590.809746986371465,233185.023811636172468],[174622.912009203457274,233211.775696782628074],[174687.116533712716773,233302.732106183597352],[174735.269927087530959,233366.936630476266146],[174764.697000828629825,233412.414835174597101],[174818.200771203264594,233463.243416939338204],[174855.653410496073775,233514.071998665807769],[174984.062459316395689,233597.002842670335667],[175125.847450790810399,233722.736702837864868],[175345.212909305235371,233920.700652872852515],[175900.977067881962284,234257.047425928351004],[176165.249532083340455,234251.041234098083805],[176459.552958236134145,234299.090773539413931],[176759.862576672108844,234305.096966499404516],[177102.215541603451129,234269.059813046042109],[176838.463040704489686,233970.805724808888044],[176640.122572373831645,233817.251814003597246],[176599.601401342428289,233744.740245123452041],[176556.947537075029686,233657.299823827575892],[176437.51671730336966,233499.48052677657688],[176151.735827299766243,233203.036171389801893],[176128.276201924891211,233141.188068535295315],[176098.418496834405232,233028.155328870256199],[176047.233859654341359,232893.795657159644179],[176030.172313804388978,232787.160997115948703]]]]}},
{"type":"Feature","properties":{"id":68,"PROVINCE":"SIDI BENNOUR","CERCLE":"LAAOUNATE - BENI HILLAL","COMMUNE":"OULAD BOUSSAKEN","DOUAR":"LAATAATA","ETAT":"ACHEVEE","SUP EN HA":76.45,"NB HABITAN":688,"CENTROID_X":242082.93,"CENTROID_Y":223048.85,"VALIDATION":"2024-09-21","OBSERVATIO":"N/A","PROVINCE_A":"سيدي بنور","CERCLE_AR":"العونات - بني هلال","COMMUNE_AR":"أولاد بوساكن","DOUAR_AR":"العطاطة","REF":"DD/SDB/OB/1/2024","LISTE ORMV":null,"VERSION":"V1","CHEMIN PDF":"Documents_Signés/SIDI BENNOUR/DD_SDB_OB_1_2024.pdf"},"geometry":{"type":"MultiPolygon","coordinates":[[[[241705.806643724208698,223534.442205742845545],[242236.048719751823228,223338.841796788648935],[242657.88574931625044,223277.569380042375997],[242624.892907675646711,222622.425837958871853],[242285.537978873937391,222676.628360534261446],[241804.785162968182703,222702.551305467815837],[241550.268966552335769,222834.522665935801342],[241536.129178421484539,223117.318439439462963],[241597.401596596522722,223341.19842694158433],[241540.842441949644126,223426.037158886087127],[241573.835282351530623,223470.813156431249809],[241705.806643724208698,223534.442205742845545]]]]}},
{"type":"Feature","properties":{"id":69,"PROVINCE":"SIDI BENNOUR","CERCLE":"OULED AMRANE","COMMUNE":"KOUDIAT BENI DGHOUGHE","DOUAR":"FOUARESS","ETAT":"ACHEVEE","SUP EN HA":32.55,"NB HABITAN":293,"CENTROID_X":209155.15,"CENTROID_Y":210420.66,"VALIDATION":"2024-09-21","OBSERVATIO":"N/A","PROVINCE_A":"سيدي بنور","CERCLE_AR":"أولاد عمران","COMMUNE_AR":"كدية بني دغوغ","DOUAR_AR":"الفوارس","REF":"DD/SDB/KBD/1/2024","LISTE ORMV":null,"VERSION":"V1","CHEMIN PDF":"Documents_Signés/SIDI BENNOUR/DD_SDB_KBD_1_2024.pdf"},"geometry":{"type":"MultiPolygon","coordinates":[[[[209194.467409852164565,210735.940888475772226],[209196.025844925228739,210758.062802697822917],[209216.316302730789175,210852.956373752676882],[209216.188166731240926,210860.911488192534307],[209251.296969865041319,210963.364103023632197],[209296.897961498092627,210946.887547787249787],[209289.485423350095516,210924.420762622205075],[209337.610419292002916,210903.781337820342742],[209317.15730460677878,210852.826366105582565],[209328.314441799506312,210844.027532695501577],[209385.220856657600962,210814.244192272686632],[209363.367922011995688,210767.702660714508966],[209323.446643186587607,210797.121310035086935],[209306.975743147195317,210749.322130982123781],[209285.371883680170868,210745.788217013207031],[209258.279584841540782,210760.706008893175749],[209242.106849947129376,210720.547191478923196],[209194.467409852164565,210735.940888475772226]]],[[[209011.843982219172176,211531.871076263225405],[209035.359729231509846,211592.598885470652021],[209055.273752587876515,211625.00502008231706],[209050.730118845996913,211630.817931472265627],[209057.684457178780576,211651.309260731213726],[209065.480862109892769,211670.259959215240087],[209059.698594910034444,211673.785402017645538],[209068.587493904924486,211717.880625518650049],[209084.67935108684469,211708.082438357232604],[209097.561436770600267,211706.924700454663252],[209103.104972762957914,211706.782516519160708],[209105.678786950884387,211702.430658835015493],[209109.204888996406225,211703.479493964579888],[209111.173390064155683,211711.485304399393499],[209131.918443004105939,211707.548961507040076],[209134.727692183951149,211723.481005307519808],[209163.413970963010797,211725.105168610345572],[209136.918124374613399,211620.63240685488563],[209120.970428857544903,211621.77383379774983],[209121.909701970987953,211606.57297609327361],[209099.952215179539053,211534.154759510274744],[209099.445427060709335,211523.385336559120333],[209109.786320475948742,211520.448236674099462],[209096.621844650508137,211496.318606381042628],[209011.843982219172176,211531.871076263225405]]],[[[209510.765831115655601,210344.530144987569656],[209424.056815997493686,210282.741675606230274],[209343.528371074033203,210084.865740863489918],[209245.088258816773305,210167.687580961181084],[209193.096002993173897,210140.748679386160802],[209192.770331835636171,210129.332998127065366],[209241.495272006490268,210078.645107408345211],[209237.76610909376177,210064.332728714100085],[209232.212556972459424,210057.198175868630642],[209221.81094286343432,210060.464107065432472],[209196.595712852838915,210074.455872350750724],[209171.629863193957135,210057.380335445108358],[209153.466435933863977,210073.469651611289009],[209130.896657214936567,210056.44890474670683],[209163.358280286687659,210015.88345909115742],[209124.522705851151841,209931.216069563495694],[209065.120121933694463,209966.961694788420573],[209053.365664678160101,210000.623506441799691],[209026.689531117270235,210035.652844877360621],[208910.646342729276512,209943.656895961175906],[208834.307407011685427,210005.004926860856358],[208829.340673705126392,210010.808162618952338],[208898.376722603454255,210053.223585597530473],[208932.538738303497666,210096.479027079418302],[208905.288378605211619,210113.91967420646688],[208953.933921595744323,210196.319001529453089],[208824.676776490960037,210265.862515530287055],[208890.253787267720327,210408.454735650797375],[208981.447460244933609,210359.522079591552028],[208989.587574141653022,210398.520913015934639],[208908.990930851025041,210443.057892130425898],[208920.014142493571853,210484.075492329837289],[208949.71543445228599,210466.202679717360297],[208961.893081899062963,210499.435317650029901],[208935.364992519607767,210506.640070249937708],[208967.14411452045897,210579.377729183121119],[209032.096811186929699,210546.444171378010651],[209046.944465401553316,210558.988937513640849],[209049.176323154562851,210578.812478339881636],[209010.609655215608655,210589.403524497029139],[209020.191317985212663,210629.411741308926139],[209030.066077352996217,210635.251958891341928],[209216.775078161474084,210561.895969377277652],[209241.852643373829778,210618.125350715476088],[209283.01529598995694,210600.758725679130293],[209303.048936029459583,210642.714678940043086],[209339.525806867401116,210627.437851004739059],[209332.030949434090871,210613.596588412881829],[209389.701879645203007,210589.528406588040525],[209373.773811717052013,210570.856309801310999],[209458.911184369149851,210530.572946979606058],[209402.193566043162718,210438.224838198162615],[209507.737680953054223,210348.854791606339859],[209510.765831115655601,210344.530144987569656]]]]}},
{"type":"Feature","properties":{"id":70,"PROVINCE":"SIDI BENNOUR","CERCLE":"LAAOUNATE - BENI HILLAL","COMMUNE":"BENI TSSIRISS","DOUAR":"NEMIRI","ETAT":"ACHEVEE","SUP EN HA":19.65,"NB HABITAN":177,"CENTROID_X":244470.1,"CENTROID_Y":243133.27,"VALIDATION":"2024-09-19","OBSERVATIO":"N/A","PROVINCE_A":"سيدي بنور","CERCLE_AR":"العونات - بني هلال","COMMUNE_AR":"بني تسيريس","DOUAR_AR":"النميري","REF":"DD/SDB/BTS/1/2024","LISTE ORMV":null,"VERSION":"V1","CHEMIN PDF":"Documents_Signés/SIDI BENNOUR/DD_SDB_BTS_1_2024.pdf"},"geometry":{"type":"MultiPolygon","coordinates":[[[[244444.110642322164495,243433.492777951119933],[244672.97242749214638,243392.132214900135295],[244634.369233934179647,242967.497096057166345],[244477.19909184394055,242766.209019957983401],[244383.448481022671331,242768.966390674759168],[244388.9632232846634,242989.55606276972685],[244218.006227104662685,243006.10028782786685],[244333.815805931139039,243372.830617904837709],[244444.110642322164495,243433.492777951119933]]]]}},
{"type":"Feature","properties":{"id":71,"PROVINCE":"SIDI BENNOUR","CERCLE":"LAAOUNATE - BENI HILLAL","COMMUNE":"BENI HILLAL","DOUAR":"LHERAKTA","ETAT":"ACHEVEE","SUP EN HA":43.89,"NB HABITAN":395,"CENTROID_X":222533.23,"CENTROID_Y":249493.16,"VALIDATION":"2024-09-22","OBSERVATIO":"N/A","PROVINCE_A":"سيدي بنور","CERCLE_AR":"العونات - بني هلال","COMMUNE_AR":"بني هلال","DOUAR_AR":"الحراكتة","REF":"DD/SDB/BHL/1/2024","LISTE ORMV":null,"VERSION":"V1","CHEMIN PDF":"Documents_Signés/SIDI BENNOUR/DD_SDB_BHL_1_2024.pdf"},"geometry":{"type":"MultiPolygon","coordinates":[[[[222293.538973057351541,249693.660414926154772],[222532.05034882761538,249807.168840878061019],[222703.031395314086694,249889.067325426061871],[223010.509915033588186,249616.072378710843623],[223105.339738727954682,249460.89630356914131],[222503.314037433476187,249271.236654728127178],[222343.827514850068837,249081.577006771927699],[222065.085305159329437,249218.074479884584434],[222034.912179717270192,249404.860496424546],[222220.261381438875105,249526.989815345412353],[222243.25042983237654,249600.267406519560609],[222293.538973057351541,249693.660414926154772]]]]}},
{"type":"Feature","properties":{"id":72,"PROVINCE":"SIDI BENNOUR","CERCLE":"OULED AMRANE","COMMUNE":"TAMDA","DOUAR":"LKHERBA","ETAT":"ACHEVEE","SUP EN HA":109.15,"NB HABITAN":982,"CENTROID_X":226444.2,"CENTROID_Y":215331.04,"VALIDATION":"2024-09-21","OBSERVATIO":"N/A","PROVINCE_A":"سيدي بنور","CERCLE_AR":"أولاد عمران","COMMUNE_AR":"تامدة","DOUAR_AR":"الخربة","REF":"DD/SDB/TAM/1/2024","LISTE ORMV":null,"VERSION":"V1","CHEMIN PDF":"Documents_Signés/SIDI BENNOUR/DD_SDB_TAM_1_2024.pdf"},"geometry":{"type":"MultiPolygon","coordinates":[[[[226163.866731917718425,215858.308188499329844],[226613.731056742952205,216059.218469815736171],[227017.735424951766618,215659.581717203633161],[226701.083349936408922,214670.316966266662348],[226205.359070106584113,214665.949350482376758],[225895.25842004903825,215039.380414538434707],[225989.162139321910217,215567.861804505402688],[226067.779206021863502,215714.176900182617828],[226163.866731917718425,215858.308188499329844]]]]}},
{"type":"Feature","properties":{"id":73,"PROVINCE":"SIDI BENNOUR","CERCLE":"OULED AMRANE","COMMUNE":"LGHNADRA","DOUAR":"MNAQRA HADADA","ETAT":"ACHEVEE","SUP EN HA":88.05,"NB HABITAN":792,"CENTROID_X":187904.7,"CENTROID_Y":229878.55,"VALIDATION":"2024-09-21","OBSERVATIO":"N/A","PROVINCE_A":"سيدي بنور","CERCLE_AR":"أولاد عمران","COMMUNE_AR":"الغنادرة","DOUAR_AR":"المناقرة الحدادة","REF":"DD/SDB/GHR/1/2024","LISTE ORMV":null,"VERSION":"V1","CHEMIN PDF":"Documents_Signés/SIDI BENNOUR/DD_SDB_GHR_1_2024.pdf"},"geometry":{"type":"MultiPolygon","coordinates":[[[[188204.29427779384423,230599.720575416111387],[188616.136392293265089,230211.545709780330071],[187612.202392337465426,229093.919348875526339],[187388.974969952250831,229293.283737003221177],[187453.173340641835239,229392.791211187490262],[187430.703911138931289,229476.249092607817147],[187421.074155746726319,229566.126811085850932],[187417.864237370667979,229639.954936992551666],[187398.604726385790855,229720.20289990172023],[187398.604726508667227,229781.191351745394059],[187376.135297018510755,229871.069070196535904],[187360.085704493452795,229919.217847931868164],[187360.085704706958495,230025.14515902090352],[187427.493993862706702,230095.763366553757805],[187555.890734892047476,230121.442714951641392],[187642.558534974232316,230082.923692911223043],[187684.287475708290003,230041.19475226191571],[188204.29427779384423,230599.720575416111387]]]]}},
{"type":"Feature","properties":{"id":74,"PROVINCE":"SIDI BENNOUR","CERCLE":"LAAOUNATE - BENI HILLAL","COMMUNE":"LAAOUNATE","DOUAR":"MASMARA","ETAT":"ACHEVEE","SUP EN HA":84.37,"NB HABITAN":759,"CENTROID_X":234908.49,"CENTROID_Y":241654.09,"VALIDATION":"2024-09-19","OBSERVATIO":"N/A","PROVINCE_A":"سيدي بنور","CERCLE_AR":"العونات - بني هلال","COMMUNE_AR":"العونات","DOUAR_AR":"المسمارة","REF":"DD/SDB/LAO/1/2024","LISTE ORMV":null,"VERSION":"V1","CHEMIN PDF":"Documents_Signés/SIDI BENNOUR/DD_SDB_LAO_1_2024.pdf"},"geometry":{"type":"MultiPolygon","coordinates":[[[[235065.289366934564896,242304.918322853656719],[235202.672303179570008,242243.85924042633269],[235286.628541912068613,242164.991258767258842],[235403.658450608956628,242134.461717651982326],[235446.908634265360888,242126.829332399007399],[235858.497189626970794,241876.135313934355509],[235700.075252002105117,241759.204836210235953],[235549.197216190455947,241668.678014714882011],[234775.947282715700567,241265.079268794768723],[234093.22417099919403,241182.096348542108899],[233874.451019247353543,241223.587808101437986],[233855.591264900984243,241340.518285644357093],[233928.063947643211577,241534.047401388961589],[234139.22660897084279,241470.44419065915281],[234579.360831255326048,241574.753457840706687],[234576.816703046730254,241694.327494801953435],[234737.096795539779123,241724.857036479283124],[234864.303218052431475,241699.415752273402177],[235065.289366934564896,242304.918322853656719]]]]}},
{"type":"Feature","properties":{"id":75,"PROVINCE":"SIDI BENNOUR","CERCLE":"SIDI BENNOUR","COMMUNE":"MTAL","DOUAR":"OULAD AALOU","ETAT":"ACHEVEE","SUP EN HA":38.72,"NB HABITAN":348,"CENTROID_X":220270.6,"CENTROID_Y":218364.22,"VALIDATION":"2024-09-19","OBSERVATIO":"N/A","PROVINCE_A":"سيدي بنور","CERCLE_AR":"سيدي بنور","COMMUNE_AR":"مطل","DOUAR_AR":"أولاد علو","REF":"DD/SDB/MTL/1/2024","LISTE ORMV":null,"VERSION":"V1","CHEMIN PDF":"Documents_Signés/SIDI BENNOUR/DD_SBD_MTL_1_2024.pdf"},"geometry":{"type":"MultiPolygon","coordinates":[[[[220207.424256389902439,217990.820068428554805],[220221.413399847602705,218008.744777013082057],[220129.760238546208711,218041.75053160142852],[220132.310263534483965,218109.23607123963302],[220067.713710636191536,218118.39324155281065],[220075.54402280470822,218170.248790243262192],[219903.871122925222153,218183.752877748716855],[219901.354561611951794,218216.442198819451733],[219992.003243222774472,218210.987869988981402],[219994.427237504074583,218260.474517232214566],[219909.383649637631606,218262.203776217764243],[219918.235776316723786,218338.46847500099102],[219905.142000267107505,218406.403588867135113],[220035.096077529364266,218428.203016404033406],[219918.907326150132576,218579.263005741959205],[219838.908402039785869,218574.409079053351888],[219765.475736948981648,218544.616813280590577],[219774.399511688243365,218660.98081244531204],[219825.602218124287901,218648.824562862602761],[219848.762757952179527,218700.852640034921933],[219897.604147868609289,218632.530899764387868],[219920.120636814419413,218617.278039224096574],[220118.376907533878693,218598.677605855016736],[220109.257415900443448,218687.938276707485784],[220109.189758906693896,218695.147699267545249],[220243.968142728350358,218671.372195354575524],[220276.319032643194078,218754.104288106813328],[220327.842529680405278,218744.451274285354884],[220586.687570372479968,218595.87061096704565],[220719.750606276968028,218664.178040676051751],[220718.188060816959478,218548.324653692659922],[220437.203356512414757,217959.524220329127274],[220207.424256389902439,217990.820068428554805]],[[220450.410977972729597,218656.968446973944083],[220421.592133867525263,218600.511785491311457],[220380.949325654713903,218616.609567890816834],[220356.999107322859345,218576.520847197127296],[220396.699507728480967,218543.77808024911792],[220379.609417066007154,218525.255165456444956],[220400.841393381531816,218503.796045837167185],[220371.027945889974944,218452.980060457222862],[220402.103860033908859,218436.164718430925859],[220386.283121393964393,218399.448128184303641],[220470.389075870887609,218367.749865078454604],[220481.55915154775721,218364.872741201164899],[220516.799120859970571,218444.254251786565874],[220550.974827096390072,218519.90228540787939],[220579.860867267998401,218594.348327028856147],[220450.410977972729597,218656.968446973944083]]]]}},
{"type":"Feature","properties":{"id":76,"PROVINCE":"SIDI BENNOUR","CERCLE":"OULED AMRANE","COMMUNE":"OULED AMRANE","DOUAR":"OULAD CHEBAN KHRICHIFA","ETAT":"ACHEVEE","SUP EN HA":44.28,"NB HABITAN":399,"CENTROID_X":205459.62,"CENTROID_Y":198045.15,"VALIDATION":"2024-09-19","OBSERVATIO":"N/A","PROVINCE_A":"سيدي بنور","CERCLE_AR":"أولاد عمران","COMMUNE_AR":"أولاد عمران","DOUAR_AR":"أولاد الشبان الخريشفة","REF":"DD/SDB/OAM/1/2024","LISTE ORMV":null,"VERSION":"V1","CHEMIN PDF":"Documents_Signés/SIDI BENNOUR/DD_SDB_OAM_1_2024.pdf"},"geometry":{"type":"MultiPolygon","coordinates":[[[[205752.341911572613753,198794.719410499877995],[205752.342483774467837,198794.716649039590266],[205752.3377,198794.7192],[205414.5584,198155.6973],[205743.25,198099.5],[205684.5,197935.0],[205742.5,197894.5],[205787.5,197862.0],[205695.75,197657.0],[205681.716000292013632,197474.80421431735158],[205178.867991379695013,197727.698533349030185],[205071.946369073586538,197880.952858581818873],[205396.275292266684119,198508.226377351180417],[205631.502862714231014,198853.939623601094354],[205734.860431141220033,198804.042866688105278],[205752.341911572613753,198794.719410499877995]]]]}},
{"type":"Feature","properties":{"id":77,"PROVINCE":"SIDI BENNOUR","CERCLE":"SIDI BENNOUR","COMMUNE":"KERIDID","DOUAR":"OULAD TALEB SAIID","ETAT":"ACHEVEE","SUP EN HA":84.01,"NB HABITAN":756,"CENTROID_X":201456.68,"CENTROID_Y":221103.85,"VALIDATION":"2024-09-21","OBSERVATIO":"N/A","PROVINCE_A":"سيدي بنور","CERCLE_AR":"سيدي بنور","COMMUNE_AR":"كرديد","DOUAR_AR":"أولاد الطالب سعيد","REF":"DD/SDB/KRD/1/2024","LISTE ORMV":null,"VERSION":"V1","CHEMIN PDF":"Documents_Signés/SIDI BENNOUR/DD_SDB_KRD_1_2024.pdf"},"geometry":{"type":"MultiPolygon","coordinates":[[[[201255.547979709866922,220539.913161151402164],[201181.298528065963183,220520.258894444879843],[201010.961550719512161,220452.560864832077641],[200831.889344896015245,220941.733721116994275],[201008.777744732913561,221153.563038856780622],[201148.541419094544835,221526.994103807606734],[201989.30726815602975,221533.545527691487223],[201987.123460592643823,221452.744654039910529],[202236.077503682696261,221192.871574448625324],[201958.73396331188269,220917.71184202528093],[201919.42543014039984,220932.998493716237135],[201744.720838231791276,220983.226063469133805],[201635.53046818182338,220961.387989293027204],[201554.729594222852029,220884.954730276251212],[201419.333535155106802,220756.110093660419807],[201294.856513118662406,220642.552108827570919],[201255.547979709866922,220539.913161151402164]]]]}},
{"type":"Feature","properties":{"id":79,"PROVINCE":"SIDI BENNOUR","CERCLE":"LAAOUNATE - BENI HILLAL","COMMUNE":"KHEMISS KSIBA","DOUAR":"QARIA","ETAT":"ACHEVEE","SUP EN HA":48.25,"NB HABITAN":434,"CENTROID_X":230691.0,"CENTROID_Y":217792.51,"VALIDATION":"2024-09-19","OBSERVATIO":"N/A","PROVINCE_A":"سيدي بنور","CERCLE_AR":"العونات - بني هلال","COMMUNE_AR":"خميس القصيبة","DOUAR_AR":"القرية","REF":"DD/SDB/KKS/1/2024","LISTE ORMV":null,"VERSION":"V1","CHEMIN PDF":"Documents_Signés/SIDI BENNOUR/DD_SDB_KKS_1_2024.pdf"},"geometry":{"type":"MultiPolygon","coordinates":[[[[230537.78593613213161,218161.532237157021882],[230683.150135780044366,218106.446856599592138],[230712.222975871176459,218175.303582721797284],[230808.622392460645642,218129.399098868714646],[230852.996727287885733,218210.497020770912059],[230875.948969318007585,218192.135227202204987],[230934.094649358303286,218259.46180391474627],[231119.242734868545085,218013.107739919796586],[230950.926292493648361,217742.271283723646775],[230874.418818768754136,217659.643212291470263],[230891.25046288309386,217625.979924022976775],[231133.0140788910212,217411.75899897745694],[230852.996725741832051,217446.952436177118216],[230883.599715043965261,217387.276606981526129],[230712.22297439945396,217448.482585365942214],[230629.594902854820248,217397.987652744457591],[230225.635442746977787,217534.170954593893839],[230305.203215646848548,217731.56023614294827],[230378.650390475522727,217837.140549592237221],[230468.929209722904488,218059.01222265305114],[230415.373978269926738,218077.37401615944691],[230455.157864774169866,218202.846272631024476],[230537.78593613213161,218161.532237157021882]]]]}},
{"type":"Feature","properties":{"id":80,"PROVINCE":"SIDI BENNOUR","CERCLE":"SIDI BENNOUR","COMMUNE":"JABERIA","DOUAR":"QNADRA","ETAT":"ACHEVEE","SUP EN HA":254.85,"NB HABITAN":2294,"CENTROID_X":228280.15,"CENTROID_Y":223903.83,"VALIDATION":"2024-09-21","OBSERVATIO":"N/A","PROVINCE_A":"سيدي بنور","CERCLE_AR":"سيدي بنور","COMMUNE_AR":"الجابرية","DOUAR_AR":"القنادرة","REF":"DD/SDB/JBR/1/2024","LISTE ORMV":null,"VERSION":"V1","CHEMIN PDF":"Documents_Signés/SIDI BENNOUR/DD_SDB_JBR_1_2024.pdf"},"geometry":{"type":"MultiPolygon","coordinates":[[[[228556.622910533333197,225193.995762848469894],[228624.257693612133153,225044.487294755934272],[228716.810554418363608,224716.992555008037016],[228795.124513691291213,224503.409029124944936],[228930.394079870369751,224215.071269240870606],[229040.745568177779205,224033.525272328814026],[229122.619253007054795,223876.897353391570505],[228933.953804287419189,223709.590257613919675],[228987.349684491171502,223011.88407264786656],[227823.319465084176045,222937.129836184962187],[227534.981704891950358,223204.109243156912271],[227463.787196451041382,223392.774691017053556],[227424.630216807767283,223496.006728524225764],[227552.780332934344187,223617.037393539503682],[227620.415116669319104,223791.46393994949176],[227616.855391848017462,224097.600327266671229],[227773.48331244912697,224684.955024203634821],[227812.640292453346774,224759.709258395741927],[227873.155625089479145,224827.34404176438693],[227983.507113902422134,224894.978825232101372],[228189.971189669100568,224983.971961498667952],[228456.950598021969199,225115.681803092476912],[228517.465930608741473,225158.398508431040682],[228556.622910533333197,225193.995762848469894]]]]}},
{"type":"Feature","properties":{"id":81,"PROVINCE":"SIDI BENNOUR","CERCLE":"LAAOUNATE - BENI HILLAL","COMMUNE":"LAAMRIA","DOUAR":"RWAHLA","ETAT":"ACHEVEE","SUP EN HA":210.75,"NB HABITAN":1897,"CENTROID_X":232320.54,"CENTROID_Y":254425.17,"VALIDATION":"2024-09-21","OBSERVATIO":"N/A","PROVINCE_A":"سيدي بنور","CERCLE_AR":"العونات - بني هلال","COMMUNE_AR":"العامرية","DOUAR_AR":"الروحلة","REF":"DD/SDB/LAM/1/2024","LISTE ORMV":null,"VERSION":"V1","CHEMIN PDF":"Documents_Signés/SIDI BENNOUR/DD_SDB_LAM_1_2024.pdf"},"geometry":{"type":"MultiPolygon","coordinates":[[[[231370.054156011668965,253999.205538987909677],[231312.019672860449646,253966.043138451990671],[231370.799315238429699,254586.494904620980378],[231808.381088576454204,254873.862039257888682],[232419.807789722981397,255327.865435680083465],[232626.665708255255595,255404.076247979421169],[232942.396214595180936,255081.087569719325984],[232775.45824487664504,254834.309702351310989],[232924.250782354036346,254685.517165190452943],[233025.865198199462611,254587.531835839821724],[233091.188751164241694,254485.917420131561812],[233094.817837222712114,254373.41574547367054],[233352.482962766080163,253952.441737541579641],[233207.319511192210484,253912.521788167068735],[233159.380659436865244,253908.52688376698643],[233095.462190440041013,253908.526883632468525],[232915.691496257495601,253844.608414407266537],[232486.239282118389383,253564.965112258214504],[232428.313169894856401,253714.774023540201597],[232338.427822868921794,253714.774023354722885],[232090.743755669682287,253794.672108933096752],[231761.164150146069005,253912.521785230870591],[231652.069948390359059,254100.406243856879883],[231566.920929826854263,254072.226047000382096],[231594.82071910367813,254022.864883266680408],[231566.741289838158991,254003.425278399547096],[231548.381663003994618,253987.225607691769255],[231403.664604568039067,253928.906792969995877],[231371.265263274719473,253988.305585377762327],[231370.054156011668965,253999.205538987909677]]]]}},
{"type":"Feature","properties":{"id":82,"PROVINCE":"SIDI BENNOUR","CERCLE":"ZEMAMRA","COMMUNE":"LGHARBIA","DOUAR":"SEDIKAT","ETAT":"ACHEVEE","SUP EN HA":71.32,"NB HABITAN":642,"CENTROID_X":174415.69,"CENTROID_Y":225594.85,"VALIDATION":"2024-09-19","OBSERVATIO":"N/A","PROVINCE_A":"سيدي بنور","CERCLE_AR":"زمامرة","COMMUNE_AR":"الغربية","DOUAR_AR":"صديقات","REF":"DD/SDB/LGH/1/2024","LISTE ORMV":null,"VERSION":"V1","CHEMIN PDF":"Documents_Signés/SIDI BENNOUR/DD_SDB_LGH_1_2024.pdf"},"geometry":{"type":"MultiPolygon","coordinates":[[[[174846.91497810248984,225701.726670001051389],[174941.928559353167657,225628.639300037320936],[174574.055460942559876,225029.322864018264227],[174457.115668482438195,225043.940337815933162],[174077.061343283450697,225238.839990803884575],[173969.866534127970226,225550.679436589736724],[174118.477521430409979,226054.982290970277973],[174257.343525320058689,226208.465768575260881],[174905.384874459705316,225757.760320570552722],[174846.91497810248984,225701.726670001051389]]]]}},
{"type":"Feature","properties":{"id":83,"PROVINCE":"SIDI BENNOUR","CERCLE":"SIDI BENNOUR","COMMUNE":"OULAD SI BOUYAHEYA","DOUAR":"LAATAMENA","ETAT":"ACHEVEE","SUP EN HA":110.15,"NB HABITAN":991,"CENTROID_X":226439.58,"CENTROID_Y":237525.54,"VALIDATION":"2024-09-21","OBSERVATIO":"N/A","PROVINCE_A":"سيدي بنور","CERCLE_AR":"سيدي بنور","COMMUNE_AR":"أولاد سيدي بويحية","DOUAR_AR":"العتمانة","REF":"DD/SDB/OSB/1/2024","LISTE ORMV":null,"VERSION":"V1","CHEMIN PDF":"Documents_Signés/SIDI BENNOUR/DD_SDB_OSB_1_2024.pdf"},"geometry":{"type":"MultiPolygon","coordinates":[[[[226706.090301831660327,238146.738375269284006],[226902.310579564538784,238007.056144145521102],[227028.689741379348561,237860.72237803475582],[226978.803228765144013,237242.129638332553441],[226955.522856675437652,237182.265824778995011],[226892.333275552140549,237149.00815047690412],[226819.166392156563234,237115.750476154964417],[226805.863322332559619,237052.560895202768734],[226805.863322271441575,237022.628988446522271],[226054.239884319365956,236959.439405999321025],[225715.011608628788963,237727.691678691364359],[226283.717838645854499,237980.45000355198863],[226706.090301831660327,238146.738375269284006]]]]}},
{"type":"Feature","properties":{"id":85,"PROVINCE":"SIDI BENNOUR","CERCLE":"LAAOUNATE - BENI HILLAL","COMMUNE":"BENI HILLAL","DOUAR":"OULAD SAIID","ETAT":"ACHEVEE","SUP EN HA":119.37,"NB HABITAN":1074,"CENTROID_X":225359.22,"CENTROID_Y":255225.87,"VALIDATION":"2025-07-10","OBSERVATIO":"N/A","PROVINCE_A":"سيدي بنور","CERCLE_AR":"العونات - بني هلال","COMMUNE_AR":"بني هلال","DOUAR_AR":"أولاد سعيد","REF":"DD/SDB/BHL/4/2025","LISTE ORMV":null,"VERSION":"V2","CHEMIN PDF":"Documents_Signés/SIDI BENNOUR/DD_SDB_BHL_4_2025.pdf"},"geometry":{"type":"MultiPolygon","coordinates":[[[[224773.740093265776522,254722.076424813421909],[224602.849837152520195,254982.295678356778808],[224719.365921565855388,255149.302065417083213],[224874.720700631442014,255296.889105253620073],[225200.965736466110684,255506.618056812207215],[225601.00429328752216,256244.553255220525898],[225911.713850676722359,256174.643605547578773],[225826.268721621774603,255813.443745497672353],[225795.197765757970046,255759.069572985114064],[225748.591331181058194,255293.005237561534159],[225721.404243950208183,254826.940902184695005],[225659.262331615143921,254419.134608649066649],[224773.740093265776522,254722.076424813421909]]]]}},
{"type":"Feature","properties":{"id":86,"PROVINCE":"SIDI BENNOUR","CERCLE":"LAAOUNATE - BENI HILLAL","COMMUNE":"METRAN","DOUAR":"OULAD YAALA","ETAT":"ACHEVEE","SUP EN HA":84.51,"NB HABITAN":761,"CENTROID_X":234816.14,"CENTROID_Y":231690.71,"VALIDATION":"2024-09-21","OBSERVATIO":"N/A","PROVINCE_A":"سيدي بنور","CERCLE_AR":"العونات - بني هلال","COMMUNE_AR":"مطران","DOUAR_AR":"أولاد يعلى","REF":"DD/SDB/MET/1/2024","LISTE ORMV":null,"VERSION":"V1","CHEMIN PDF":"Documents_Signés/SIDI BENNOUR/DD_SDB_MET_1_2024.pdf"},"geometry":{"type":"MultiPolygon","coordinates":[[[[234920.861867986153811,231197.023915562516777],[234780.763063704944216,230967.010954249941278],[234621.845018012041692,231176.113645773613825],[234546.568048942601308,231247.208560841332655],[234360.466652924951632,231293.211152677133214],[234339.556384313909803,231596.410055800166447],[234402.287192594492808,231893.33587834239006],[234462.926973706693389,232068.982139607978752],[234592.570643344719429,232284.357912462728564],[235468.710923218342941,231941.429499616497196],[235324.430064977088477,231654.958811508578947],[235186.422287801164202,231514.86000769684324],[235060.96067214832874,231368.48812315572286],[234920.861867986153811,231197.023915562516777]]]]}},
{"type":"Feature","properties":{"id":87,"PROVINCE":"SIDI BENNOUR","CERCLE":"ZEMAMRA","COMMUNE":"SANIAT BERGUIG","DOUAR":"DRABLA","ETAT":"ACHEVEE","SUP EN HA":191.95,"NB HABITAN":1728,"CENTROID_X":202622.33,"CENTROID_Y":232203.26,"VALIDATION":"2024-09-19","OBSERVATIO":"N/A","PROVINCE_A":"سيدي بنور","CERCLE_AR":"زمامرة","COMMUNE_AR":"سانية بركيك","DOUAR_AR":"درابلة","REF":"DD/SDB/SBG/1/2024","LISTE ORMV":null,"VERSION":"V1","CHEMIN PDF":"Documents_Signés/SIDI BENNOUR/DD_SDB_SBG_1_2024.pdf"},"geometry":{"type":"MultiPolygon","coordinates":[[[[203149.996556389087345,233319.158387157891411],[203369.309103697363753,233158.100735764426645],[203365.882344607671257,232894.240327423787676],[203180.837381904770155,232578.978540472977329],[203362.455583053582814,231410.453875365667045],[203078.034622882783879,231431.014426090579946],[202289.880155629187357,231828.518416276492644],[202197.35767534392653,232198.608339475293178],[202368.69560417230241,232688.634812430886086],[202450.937810295959935,233065.578253075422253],[202731.93201242905343,233302.024593571026344],[203033.486765507783275,233343.145696773455711],[203149.996556389087345,233319.158387157891411]]],[[[201265.891369612305425,231409.169297862390522],[201489.186087187321391,231533.221918793453369],[201749.696590248204302,231293.386853051197249],[201774.507113769184798,230983.255301896482706],[201489.186085759487469,230826.121982041426236],[201270.02645613567438,230995.660562927660067],[201137.703661126259249,231214.820192184299231],[201141.838748759706505,231351.278074717061827],[201265.891369612305425,231409.169297862390522]]]]}},
{"type":"Feature","properties":{"id":89,"PROVINCE":"SIDI BENNOUR","CERCLE":"OULED AMRANE","COMMUNE":"LAAGAGCHA","DOUAR":"LKEDABA","ETAT":"ACHEVEE","SUP EN HA":82.14,"NB HABITAN":739,"CENTROID_X":189933.74,"CENTROID_Y":222480.34,"VALIDATION":"2024-09-22","OBSERVATIO":"N/A","PROVINCE_A":"سيدي بنور","CERCLE_AR":"أولاد عمران","COMMUNE_AR":"العكاگشة","DOUAR_AR":"الكدابة","REF":"DD/SDB/HGC/1/2024","LISTE ORMV":null,"VERSION":"V1","CHEMIN PDF":"Documents_Signés/SIDI BENNOUR/DD_SDB_HGC_1_2024.pdf"},"geometry":{"type":"MultiPolygon","coordinates":[[[[189610.679263706377242,221405.386412917549023],[189642.946690998214763,221403.670060469943564],[189657.707322566537187,221370.372821761819068],[189643.976502408098895,221354.239108122943435],[189619.261026190943085,221358.7016246013809],[189610.679263706377242,221405.386412917549023]]],[[[189808.861874269903637,223022.740949025726877],[189782.362424411519896,223058.073548807093175],[189806.653586913540494,223091.197861192224082],[189850.819336781743914,223084.572998817951884],[189857.444199201534502,223053.656973977776943],[190226.22821074485546,223069.114987140404992],[190484.597847094235476,222841.661376229545567],[190288.060259329155087,222448.586202682403382],[190303.518270934000611,222024.595004709903151],[190303.852495112398174,222021.014067102456465],[189676.136502435052535,221956.979822703986429],[189694.030922673817258,222077.593903242290253],[189395.912111003941391,222093.05191506567644],[189373.829236250428949,222185.799989586288575],[189292.122599360125605,222380.129288508440368],[189311.99718688701978,222419.878463362634648],[189572.575111464539077,222556.792288239259506],[189563.741961523599457,222574.458588137029437],[189537.24251161707798,222585.50002553028753],[189515.159636720723938,222607.582900384819368],[189563.741961638850626,222631.874062866350869],[189753.65468628128292,222706.955837898334721],[189839.777898684202228,222773.204462759167654],[189808.861874269903637,223022.740949025726877]]]]}},
{"type":"Feature","properties":{"id":90,"PROVINCE":"SIDI BENNOUR","CERCLE":"LAAOUNATE - BENI HILLAL","COMMUNE":"LAAOUNATE","DOUAR":"ZOUAIR","ETAT":"ACHEVEE","SUP EN HA":249.3,"NB HABITAN":2244,"CENTROID_X":235574.22,"CENTROID_Y":243325.72,"VALIDATION":"2025-08-11","OBSERVATIO":"N/A","PROVINCE_A":"سيدي بنور","CERCLE_AR":"العونات - بني هلال","COMMUNE_AR":"العونات","DOUAR_AR":"الزوير","REF":"DD/SDB/LAO/1/2025","LISTE ORMV":"OK","VERSION":"V2","CHEMIN PDF":"Documents_Signés/SIDI BENNOUR/DD_SDB_LAO_1_2025.pdf"},"geometry":{"type":"MultiPolygon","coordinates":[[[[236113.009534592711134,242356.23616688529728],[235295.80776823987253,242740.232948381686583],[234637.804735318117309,242934.042199757386697],[234616.588634198938962,242994.661800979520194],[234353.315602228714852,243090.485348101676209],[234925.938777755771298,244009.747612851206213],[235278.970359491620911,243902.894541131972801],[235393.519946608983446,244171.374027376354206],[235440.245273095031735,244207.264971276657889],[235717.623316820041509,244156.800756561715389],[236436.425497967749834,243938.45798987543094],[236410.058713786915177,243159.897472464974271],[236341.620389681484085,242721.5880239335238],[236202.233076989970868,242301.349276797991479],[236113.009534592711134,242356.23616688529728]]]]}},
{"type":"Feature","properties":{"id":91,"PROVINCE":"SIDI BENNOUR","CERCLE":"LAAOUNATE - BENI HILLAL","COMMUNE":"LAAOUNATE","DOUAR":"OULED TAHA LKHERAREZA","ETAT":"ACHEVEE","SUP EN HA":33.45,"NB HABITAN":301,"CENTROID_X":238047.81,"CENTROID_Y":235305.24,"VALIDATION":"2025-07-14","OBSERVATIO":"REDELIMITER - TOUCHE PAR LA ZONE AGRICOLE REMEMBREE","PROVINCE_A":"سيدي بنور","CERCLE_AR":"العونات - بني هلال","COMMUNE_AR":"العونات","DOUAR_AR":"أولاد طه الخرازة","REF":"DD/SDB/LAO/2/2025","LISTE ORMV":null,"VERSION":"V2","CHEMIN PDF":"Documents_Signés/SIDI BENNOUR/DD_SDB_LAO_2_2025.pdf"},"geometry":{"type":"MultiPolygon","coordinates":[[[[238294.55240658740513,235198.286680043442175],[238386.166407638054807,235027.282769181823824],[238331.986686184944119,235011.912990019394783],[238248.447560545464512,235008.578759502415778],[238222.851763064129045,234923.422908098145854],[238199.446613587497268,234918.44569157762453],[238036.723398079280742,234983.070496150117833],[237977.456927705410635,234987.096934720117133],[237944.754539589193882,235052.983607618021779],[237859.909778559813276,235031.230197557830252],[237865.434781322954223,235082.559246227174299],[237868.557893198158126,235190.578317575535038],[237870.368716515629785,235233.686924661655212],[237653.252128919644747,235274.865630620479351],[237673.307400689896895,235363.97554050310282],[237694.685243498795899,235444.166664608841529],[237741.008620320848422,235485.216894744429737],[237803.104336758871796,235533.619213478872553],[237856.033713786979206,235579.295014756149612],[237894.018214971700218,235605.89204882082413],[237907.806698029657127,235626.62231608494767],[237949.592734077101341,235633.730278544360772],[237971.147037620190531,235632.824866885639494],[238009.134966298530344,235634.812150937272236],[238033.992269944603322,235636.219524849380832],[238051.255413400154794,235635.487062867556233],[238150.268841550510842,235638.878376901178854],[238190.820536926388741,235614.356857255217619],[238247.066624032071559,235563.906444051215658],[238297.700352957530413,235489.836495366325835],[238317.281082423520274,235428.480012333806371],[238321.669382413092535,235346.64081567019457],[238328.780772366124438,235280.245029609679477],[238294.55240658740513,235198.286680043442175]]]]}},
{"type":"Feature","properties":{"id":92,"PROVINCE":"SIDI BENNOUR","CERCLE":"LAAOUNATE - BENI HILLAL","COMMUNE":"LAAOUNATE","DOUAR":"OULED ALI BEN CHIKH","ETAT":"ACHEVEE","SUP EN HA":31.55,"NB HABITAN":284,"CENTROID_X":236522.61,"CENTROID_Y":237141.96,"VALIDATION":"2025-07-14","OBSERVATIO":"N/A","PROVINCE_A":"سيدي بنور","CERCLE_AR":"العونات - بني هلال","COMMUNE_AR":"العونات","DOUAR_AR":"أولاد علي بن الشيخ","REF":"DD/SDB/LAO/3/2025","LISTE ORMV":"OK","VERSION":"V2","CHEMIN PDF":"Documents_Signés/SIDI BENNOUR/DD_SDB_LAO_3_2025.pdf"},"geometry":{"type":"MultiPolygon","coordinates":[[[[236935.139354542887304,236807.76525791088352],[236846.293956302019069,236794.312064070865745],[236680.487161986296996,236897.9071719670319],[236598.182523952738848,236902.424569102615351],[236544.683673437451944,236937.159983008052222],[236308.476975884812418,236899.752839985681931],[236340.705872893042397,237110.614091735042166],[236281.492106993595371,237157.605181231949246],[236217.57098234721343,237170.694951443758328],[236036.523074753407855,237186.984870345244417],[236096.475954467547126,237222.401649484818336],[236150.412476786033949,237286.719196948281024],[236168.193106150312815,237328.581755489460193],[236076.593480820331024,237325.034682766068727],[236044.4470817844267,237393.972857968037715],[236054.790874704282032,237495.780046426167246],[236162.312978546571685,237473.180577914841706],[236181.092914750886848,237440.906198884360492],[236230.512039933848428,237422.919108314294135],[236302.505884236452403,237428.514293501095381],[236419.521186783764279,237393.555918795434991],[236467.519832917925669,237406.612689818342915],[236483.227600427140715,237344.929639246693114],[236538.663083005696535,237298.04178035267978],[236569.38900299280067,237260.147466743714176],[236891.162468885391718,237274.042565423180349],[236887.454416978522204,237166.004308566451073],[236899.065959560946794,237065.109695939900121],[236935.139354542887304,236807.76525791088352]]]]}},
{"type":"Feature","properties":{"id":93,"PROVINCE":"SIDI BENNOUR","CERCLE":"LAAOUNATE - BENI HILLAL","COMMUNE":"LAAOUNATE","DOUAR":"SAADAT LFAYED","ETAT":"ACHEVEE","SUP EN HA":11.75,"NB HABITAN":106,"CENTROID_X":238064.7,"CENTROID_Y":236982.46,"VALIDATION":"2025-07-14","OBSERVATIO":"REDELIMITER - TOUCHE PAR LA ZONE AGRICOLE REMEMBREE","PROVINCE_A":"سيدي بنور","CERCLE_AR":"العونات - بني هلال","COMMUNE_AR":"العونات","DOUAR_AR":"سعادة الفايد","REF":"DD/SDB/LAO/4/2025","LISTE ORMV":null,"VERSION":"V2","CHEMIN PDF":"Documents_Signés/SIDI BENNOUR/DD_SDB_LAO_4_2025.pdf"},"geometry":{"type":"MultiPolygon","coordinates":[[[[237895.524389168684138,237044.08281384719885],[237941.173480827972526,237054.178896575147519],[238004.491721451457124,237074.379311828262871],[238056.849915492610307,237179.728267125086859],[238119.693356529460289,237145.549985401710728],[238194.167161463148659,237240.732921271061059],[238269.099533907981822,237154.871281032101251],[238257.913277053768979,237118.963275750749744],[238257.676127522805473,237093.692995712364791],[238256.23525080413674,237071.166174844489433],[238254.699514273088425,237038.531241961260093],[238250.902608536940534,236997.857648917124607],[238239.800466217391659,236877.473459305794677],[238202.303194677137071,236884.92897651126259],[238183.626702629233478,236889.065882494265679],[238163.602195949177258,236895.127952887240099],[238127.211794058384839,236904.075772169337142],[238104.346970669517759,236913.169876621745061],[238076.524948811274953,236918.075649733218597],[238047.944048453908181,236842.116526721860282],[238051.893232538015582,236826.232921476563206],[238085.830747873085784,236803.374091265344759],[238115.884488563111518,236672.358062944636913],[238055.812966248806333,236676.200400861096568],[238052.58521938699414,236696.175479909114074],[238064.035352856881218,236737.187075474212179],[238055.848409799742512,236767.317696443758905],[238014.354524269205285,236785.602762886846904],[237963.872163181164069,236805.518312022526516],[237898.157017907651607,236852.01770786367706],[237864.23787821320002,236861.967068645928521],[237811.921340499131475,236893.788445472135209],[237811.956234508747002,236919.320983046753099],[237828.308135026978562,236964.247460485814372],[237895.524389168684138,237044.08281384719885]]]]}},
{"type":"Feature","properties":{"id":94,"PROVINCE":"SIDI BENNOUR","CERCLE":"LAAOUNATE - BENI HILLAL","COMMUNE":"LAAOUNATE","DOUAR":"LAGHEOUALMA","ETAT":"ACHEVEE","SUP EN HA":23.75,"NB HABITAN":214,"CENTROID_X":239993.17,"CENTROID_Y":240175.89,"VALIDATION":"2025-07-14","OBSERVATIO":"N/A","PROVINCE_A":"سيدي بنور","CERCLE_AR":"العونات - بني هلال","COMMUNE_AR":"العونات","DOUAR_AR":"لغوالمة","REF":"DD/SDB/LAO/5/2025","LISTE ORMV":"OK","VERSION":"V2","CHEMIN PDF":"Documents_Signés/SIDI BENNOUR/DD_SDB_LAO_5_2025.pdf"},"geometry":{"type":"MultiPolygon","coordinates":[[[[240365.051160278584575,239955.572987493826076],[240361.763687493745238,239953.286529882258037],[240208.43015735145309,240022.214583260036306],[240145.48605840592063,239802.418930615211139],[240074.113235204073135,239930.726371226133779],[240033.188190459419275,240088.621285501110833],[239984.081864580599358,240093.920651970256586],[239946.796493347093929,240113.40853466806584],[239910.277101618878078,240112.647352416912327],[239866.542226785677485,240008.743917801708449],[239696.390494651481276,240122.448860815842636],[239573.683477758982917,240234.417772871325724],[239540.537741355743492,240196.186336455284618],[239504.618635218183044,240217.395858349278569],[239538.724828566424549,240290.780421397532336],[239576.485631018294953,240272.598775236634538],[239627.587291108706268,240388.61371278410661],[239843.591750914900331,240311.473798294726294],[239895.408956460014451,240437.583254037133884],[239969.131994413328357,240421.664366080221953],[240055.858608169161016,240393.733972061454551],[240037.544710806920193,240336.219682874041609],[240230.857096107589314,240286.161566298600519],[240220.95815734990174,240237.37264641787624],[240285.035615669359686,240188.509337419236545],[240417.789182868349599,240173.590787789988099],[240365.051160278584575,239955.572987493826076]]]]}},
{"type":"Feature","properties":{"id":95,"PROVINCE":"SIDI BENNOUR","CERCLE":"LAAOUNATE - BENI HILLAL","COMMUNE":"METRAN","DOUAR":"OULED SALEH","ETAT":"ACHEVEE","SUP EN HA":38.97,"NB HABITAN":351,"CENTROID_X":236018.84,"CENTROID_Y":229399.37,"VALIDATION":"2025-07-14","OBSERVATIO":"N/A","PROVINCE_A":"سيدي بنور","CERCLE_AR":"العونات - بني هلال","COMMUNE_AR":"مطران","DOUAR_AR":"أولاد صالح","REF":"DD/SDB/MET/1/2025","LISTE ORMV":"OK","VERSION":"V2","CHEMIN PDF":"Documents_Signés/SIDI BENNOUR/DD_SDB_MET_1_2025.pdf"},"geometry":{"type":"MultiPolygon","coordinates":[[[[236365.837313759169774,229122.523815189750167],[236326.562028779269895,229070.329430322395638],[236264.441564328211825,229007.560337094677379],[236154.533352823083987,228904.980568895436591],[236078.118934397003613,228950.72275224889745],[236097.113735954568256,228977.107056234555785],[236079.707135374948848,228990.27286818344146],[236149.158884534495883,229042.689473607926629],[235988.02320613572374,229141.645010992273455],[235943.195411775639514,229154.014597358560422],[235905.657415284891613,229175.570103632402606],[235819.179094006627565,229230.72401717863977],[235855.15405284363078,229280.772546160704223],[235801.467023943696404,229333.857396459643496],[235841.247024890821194,229394.360192719323095],[235786.285249604057753,229422.257435843348503],[235487.108678922959371,229657.433488716516877],[235638.131769948086003,229839.249365812895121],[235840.007389218691969,229756.893257365009049],[236172.775968155387091,229548.954677863628604],[236525.652365770016331,229304.099477522948291],[236414.095388357905904,229192.766633454302792],[236365.837313759169774,229122.523815189750167]]]]}},
{"type":"Feature","properties":{"id":97,"PROVINCE":"SIDI BENNOUR","CERCLE":"LAAOUNATE - BENI HILLAL","COMMUNE":"BENI HILLAL","DOUAR":"KHEBABA - KHEBABA OULED LAAOUNIA","ETAT":"ACHEVEE","SUP EN HA":41.91,"NB HABITAN":377,"CENTROID_X":221062.49,"CENTROID_Y":246299.24,"VALIDATION":"2025-07-14","OBSERVATIO":"N/A","PROVINCE_A":"سيدي بنور","CERCLE_AR":"العونات - بني هلال","COMMUNE_AR":"بني هلال","DOUAR_AR":"خبابة - خبابة أولاد العونية","REF":"DD/SDB/BHL/1/2025","LISTE ORMV":"OK","VERSION":"V2","CHEMIN PDF":"Documents_Signés/SIDI BENNOUR/DD_SDB_BHL_1_2025.pdf"},"geometry":{"type":"MultiPolygon","coordinates":[[[[220688.91385997433099,246947.257587720436277],[220744.91138133223285,246922.686434842034942],[220812.844254332681885,246879.107142540218774],[221051.231633429735666,246555.621944328100653],[221159.329867110907799,246409.439496149803745],[220978.300325267016888,246188.332909970544279],[220768.088606687902939,246243.8951088701142],[220710.822749710903736,246244.836997170175891],[220476.713153586577391,246246.251483486790676],[220435.089059367106529,246249.879679554520408],[220688.91385997433099,246947.257587720436277]]],[[[221704.138855622819392,245850.120867147314129],[221733.219615443376824,245898.607392777805217],[221794.9573730584234,245970.236119609995512],[221833.260077281040139,246042.238974968233379],[221876.026956121495459,246000.571623442490818],[221834.049598483252339,245946.458390987798339],[221896.084611393715022,245903.507605496502947],[221931.44225754760555,245867.720101519546006],[221966.728791719768196,245841.247013528016396],[222019.1867888791312,245791.665576737956144],[222003.727776470361277,245764.898391876369715],[221996.913812998507638,245743.559497324022232],[221934.555025911366101,245679.555172730819322],[221914.880207460839301,245622.881369529699441],[221937.283115513186203,245592.8139213588438],[221893.980545678990893,245562.842336933419574],[221802.012081787281204,245472.457453227136284],[221648.247654217266245,245670.384215575119015],[221615.943410978507018,245707.531811937078601],[221659.218637176963966,245781.674940595170483],[221704.138855622819392,245850.120867147314129]]]]}},
{"type":"Feature","properties":{"id":98,"PROVINCE":"SIDI BENNOUR","CERCLE":"LAAOUNATE - BENI HILLAL","COMMUNE":"BENI HILLAL","DOUAR":"LAABIZAT","ETAT":"ACHEVEE","SUP EN HA":11.06,"NB HABITAN":100,"CENTROID_X":222169.58,"CENTROID_Y":248835.63,"VALIDATION":"2025-07-14","OBSERVATIO":"N/A","PROVINCE_A":"سيدي بنور","CERCLE_AR":"العونات - بني هلال","COMMUNE_AR":"بني هلال","DOUAR_AR":"لعبيزات","REF":"DD/SDB/BHL/3/2025","LISTE ORMV":"OK","VERSION":"V2","CHEMIN PDF":"Documents_Signés/SIDI BENNOUR/DD_SDB_BHL_3_2025.pdf"},"geometry":{"type":"MultiPolygon","coordinates":[[[[221960.628474629833363,248708.665661325067049],[221936.808276105090044,248715.093248926132219],[221951.922410209866939,248894.204534713848261],[222150.068971549539128,248925.228843631863128],[222143.073566748207668,249010.738421297748573],[222312.539803582127206,249049.211840463278349],[222356.644348633795744,248870.211116363236215],[222358.406912674894556,248708.256968412402784],[222313.27754471503431,248702.14111957573914],[222095.093576006620424,248685.884015966003062],[222001.967451557604363,248692.872085662937025],[221960.628474629833363,248708.665661325067049]]]]}},
{"type":"Feature","properties":{"id":99,"PROVINCE":"SIDI BENNOUR","CERCLE":"LAAOUNATE - BENI HILLAL","COMMUNE":"LAAMRIA","DOUAR":"OULED HMIDA","ETAT":"ACHEVEE","SUP EN HA":53.72,"NB HABITAN":483,"CENTROID_X":241683.67,"CENTROID_Y":246707.71,"VALIDATION":"2025-07-14","OBSERVATIO":"N/A","PROVINCE_A":"سيدي بنور","CERCLE_AR":"العونات - بني هلال","COMMUNE_AR":"العامرية","DOUAR_AR":"أولاد حميدة","REF":"DD/SDB/LAA/1/2025","LISTE ORMV":"OK","VERSION":"V2","CHEMIN PDF":"Documents_Signés/SIDI BENNOUR/DD_SDB_LAA_1_2025.pdf"},"geometry":{"type":"MultiPolygon","coordinates":[[[[241819.675953125755768,247652.309771600237582],[241849.159366408071946,247494.766221984289587],[241884.751595085777808,247423.402449994464405],[242070.440907650947338,247486.843245640891837],[242091.335012038529385,247427.143668006261578],[242130.099529760074802,247368.83293511159718],[242131.724137192300986,247290.888822341832565],[242056.163114338502055,247204.729522478475701],[241914.598891287896549,247210.474454954062821],[241815.540403970633633,246951.325237582263071],[241769.590914626664016,246712.311642114276765],[241585.19304321805248,246730.489490310195833],[241527.502433698246023,246645.719035186804831],[241703.141920459049288,246581.79149004406645],[241921.020663616829552,246208.865183302114019],[241886.24336548068095,246035.244903537415667],[241768.63789339674986,246059.106250920682214],[241509.57584072696045,246023.949577332416084],[241353.441613613744266,246046.047958174545784],[241362.369074014568469,246235.391324049502145],[241366.181964196002809,246271.890633201226592],[241324.491159004275687,246291.800731294119032],[241442.060660793096758,246575.785063462448306],[241365.013389615953201,246606.985234109393787],[241363.880785331042716,246634.234155465994263],[241421.433035741967615,246679.58925284887664],[241455.549254977697274,246760.311055098572979],[241819.675953125755768,247652.309771600237582]]]]}},
{"type":"Feature","properties":{"id":100,"PROVINCE":"SIDI BENNOUR","CERCLE":"LAAOUNATE - BENI HILLAL","COMMUNE":"LAAMRIA","DOUAR":"OULED ZAIMA","ETAT":"ACHEVEE","SUP EN HA":30.87,"NB HABITAN":278,"CENTROID_X":235831.64,"CENTROID_Y":245455.4,"VALIDATION":"2025-07-14","OBSERVATIO":"N/A","PROVINCE_A":"سيدي بنور","CERCLE_AR":"العونات - بني هلال","COMMUNE_AR":"العامرية","DOUAR_AR":"أولاد زعيمة","REF":"DD/SDB/LAA/2/2025","LISTE ORMV":"OK","VERSION":"V2","CHEMIN PDF":"Documents_Signés/SIDI BENNOUR/DD_SDB_LAA_2_2025.pdf"},"geometry":{"type":"MultiPolygon","coordinates":[[[[235694.86628601863049,245921.758281060872832],[235713.789472058415413,245925.424154861248098],[236240.981814933242276,245318.443390905973502],[236242.569229410233675,245274.47962378867669],[236226.843688435707008,245260.269146581384121],[236191.734338056790875,245276.565688482514815],[236174.969567420601379,245249.834920736466302],[236155.665714096394368,245232.236464821675327],[236139.654672658565687,245207.576551028556423],[236101.340071843907936,245208.623386060702614],[236091.651969826925779,245236.774050752865151],[235983.777230631676503,245269.001678011612967],[235990.633144126884872,245213.739578288979828],[235957.564226219110424,245126.105149888113374],[235711.21256189912674,245167.693449472571956],[235606.067239034135127,245197.755055957240984],[235574.281122023385251,245310.167381083680084],[235610.460123545810347,245409.568370824941667],[235503.163990647648461,245488.489181531214854],[235531.417427531356225,245527.454739352717297],[235645.215325746394228,245788.565065695263911],[235682.966531004902208,245792.41366776736686],[235685.052595698740333,245843.248559120809659],[235700.492636209935881,245847.009599742275896],[235694.86628601863049,245921.758281060872832]]]]}},
{"type":"Feature","properties":{"id":101,"PROVINCE":"SIDI BENNOUR","CERCLE":"LAAOUNATE - BENI HILLAL","COMMUNE":"LAAMRIA","DOUAR":"CHEROUKA","ETAT":"ACHEVEE","SUP EN HA":40.89,"NB HABITAN":368,"CENTROID_X":232778.2,"CENTROID_Y":252362.85,"VALIDATION":"2025-07-14","OBSERVATIO":"N/A","PROVINCE_A":"سيدي بنور","CERCLE_AR":"العونات - بني هلال","COMMUNE_AR":"العامرية","DOUAR_AR":"الشروكة","REF":"DD/SDB/LAA/3/2025","LISTE ORMV":"OK","VERSION":"V2","CHEMIN PDF":"Documents_Signés/SIDI BENNOUR/DD_SDB_LAA_3_2025.pdf"},"geometry":{"type":"MultiPolygon","coordinates":[[[[232278.36930333104101,252336.737280703266151],[232871.977323675702792,252698.583102917909855],[233403.068944677565014,252530.137538514391053],[233431.311371699208394,252437.004878037318122],[233320.056501891463995,252421.572390118526528],[233093.384376127447467,252373.580415960517712],[233002.874264466343448,252215.960909800429363],[232794.106629946792964,252147.313847993616946],[232614.709157050296199,252040.259671804786194],[232366.268394642072963,251975.889315287757199],[232355.625784559349995,252099.413745445199311],[232278.36930333104101,252336.737280703266151]]]]}},
{"type":"Feature","properties":{"id":102,"PROVINCE":"SIDI BENNOUR","CERCLE":"LAAOUNATE - BENI HILLAL","COMMUNE":"LAAMRIA","DOUAR":"OULED MALEK","ETAT":"ACHEVEE","SUP EN HA":45.1,"NB HABITAN":406,"CENTROID_X":232299.27,"CENTROID_Y":252987.29,"VALIDATION":"2025-07-14","OBSERVATIO":"N/A","PROVINCE_A":"سيدي بنور","CERCLE_AR":"العونات - بني هلال","COMMUNE_AR":"العامرية","DOUAR_AR":"أولاد مالك","REF":"DD/SDB/LAA/4/2025","LISTE ORMV":"OK","VERSION":"V2","CHEMIN PDF":"Documents_Signés/SIDI BENNOUR/DD_SDB_LAA_4_2025.pdf"},"geometry":{"type":"MultiPolygon","coordinates":[[[[232314.906719427293865,252457.37380442826543],[232145.378488141490379,252364.281635472085327],[232098.762470351997763,252429.123344061314128],[232115.174934602953726,252474.216218988411129],[232140.560377630958101,252535.193142997479299],[232102.150591966928914,252622.581289050256601],[232026.424213192105526,252594.289426920266123],[232046.701462023193017,252711.383762664860114],[232023.528144530864665,252766.097197279304964],[231941.657442102703499,252755.999974626756739],[231946.159457152360119,252816.598700530448696],[232013.679603801720077,252822.344125196861569],[231944.480786333413562,253206.591927555389702],[232347.270374952524435,253155.738237973331707],[232321.847911580000073,253356.388446305354591],[232332.832117761718109,253701.600301426980877],[232423.374456000747159,253713.098693356092554],[232437.158418787876144,253680.329471031320281],[232451.030053601716645,253636.657308858528268],[232466.163367933506379,253599.406010184029583],[232480.365017870732117,253558.660747584508499],[232509.598962938995101,253502.830330913187936],[232613.978229923523031,253471.984191169554833],[232624.982065850432264,253423.29591446716222],[232575.008977768244222,253399.993080792803084],[232671.914179100800538,253126.943972448876593],[232416.033931218640646,253033.364790086750872],[232386.514320805639727,252855.801244620524812],[232366.993468185362872,252696.940052919235313],[232503.178706241043983,252680.885085892194184],[232569.155009146517841,252664.850819746643538],[232565.549256930476986,252602.330051993660163],[232419.971440229302971,252482.966527616605163],[232314.906719427293865,252457.37380442826543]]]]}},
{"type":"Feature","properties":{"id":103,"PROVINCE":"SIDI BENNOUR","CERCLE":"LAAOUNATE - BENI HILLAL","COMMUNE":"BENI TSSIRISS","DOUAR":"OULED MHAMED BEN MOUSSA","ETAT":"ACHEVEE","SUP EN HA":19.36,"NB HABITAN":174,"CENTROID_X":242394.02,"CENTROID_Y":244565.75,"VALIDATION":"2025-07-14","OBSERVATIO":"N/A","PROVINCE_A":"سيدي بنور","CERCLE_AR":"العونات - بني هلال","COMMUNE_AR":"بني تسيريس","DOUAR_AR":"أولاد محمد بن موسى","REF":"DD/SDB/BTS/1/2025","LISTE ORMV":"OK","VERSION":"V2","CHEMIN PDF":"Documents_Signés/SIDI BENNOUR/DD_SDB_BTS_1_2025.pdf"},"geometry":{"type":"MultiPolygon","coordinates":[[[[242171.337226389703574,244859.899898420117097],[242596.187590482208179,244771.338281796721276],[242594.211668443429517,244351.475930123648141],[242240.212989330932032,244254.058697601343738],[242226.412206824694294,244559.877421758923447],[242171.337226389703574,244859.899898420117097]]]]}},
{"type":"Feature","properties":{"id":104,"PROVINCE":"SIDI BENNOUR","CERCLE":"LAAOUNATE - BENI HILLAL","COMMUNE":"BENI TSSIRISS","DOUAR":"LAABABESSA","ETAT":"ACHEVEE","SUP EN HA":19.57,"NB HABITAN":176,"CENTROID_X":245269.6,"CENTROID_Y":240312.24,"VALIDATION":"2025-07-14","OBSERVATIO":"N/A","PROVINCE_A":"سيدي بنور","CERCLE_AR":"العونات - بني هلال","COMMUNE_AR":"بني تسيريس","DOUAR_AR":"لعبابسة","REF":"DD/SDB/BTS/2/2025","LISTE ORMV":"OK","VERSION":"V2","CHEMIN PDF":"Documents_Signés/SIDI BENNOUR/DD_SDB_BTS_2_2025.pdf"},"geometry":{"type":"MultiPolygon","coordinates":[[[[245013.67163557105232,240199.565413043019362],[245071.817375390208326,240240.649762588524027],[245088.621012066549156,240330.445962291036267],[245187.72059585977695,240644.745972863020143],[245528.931308128696401,240505.307473498512991],[245310.294120759324869,239958.821747267473256],[245224.392339845420793,239976.633359338360606],[245013.67163557105232,240199.565413043019362]]]]}},
{"type":"Feature","properties":{"id":105,"PROVINCE":"SIDI BENNOUR","CERCLE":"LAAOUNATE - BENI HILLAL","COMMUNE":"OULAD BOUSSAKEN","DOUAR":"HENICHAT - OULED SI NAYEM","ETAT":"ACHEVEE","SUP EN HA":35.45,"NB HABITAN":319,"CENTROID_X":238771.57,"CENTROID_Y":228297.66,"VALIDATION":"2025-07-14","OBSERVATIO":"N/A","PROVINCE_A":"سيدي بنور","CERCLE_AR":"العونات - بني هلال","COMMUNE_AR":"أولاد بوساكن","DOUAR_AR":"الحنيشات - أولاد سي نعيم","REF":"DD/SDB/OB/1/2025","LISTE ORMV":"OK","VERSION":"V2","CHEMIN PDF":"Documents_Signés/SIDI BENNOUR/DD_SDB_OB_1_2025.pdf"},"geometry":{"type":"MultiPolygon","coordinates":[[[[238845.074051256320672,228590.994472262798809],[239046.270028780767461,228582.422107226215303],[239027.29483289073687,228544.49967284098966],[239161.011275374126853,228542.383895011269487],[239111.429477131838212,228453.530650099331979],[239144.149134866893291,228394.206548448390095],[239124.812922120094299,228305.552020917763002],[239007.513731102575548,228120.652858183515491],[238899.419475171569502,227934.989652350865072],[238851.592437902261736,227929.120756776916096],[238574.509582222468453,228067.902764797880081],[238300.28977303384454,228292.714111592416884],[238335.323925979930209,228336.86086692934623],[238360.808901419688482,228387.931611015577801],[238496.408855477609904,228435.993783572135726],[238706.650191060063662,228589.651051457360154],[238845.074051256320672,228590.994472262798809]]]]}},
{"type":"Feature","properties":{"id":106,"PROVINCE":"SIDI BENNOUR","CERCLE":"LAAOUNATE - BENI HILLAL","COMMUNE":"OULAD BOUSSAKEN","DOUAR":"LMEDADEHA","ETAT":"ACHEVEE","SUP EN HA":25.17,"NB HABITAN":227,"CENTROID_X":243478.4,"CENTROID_Y":222053.97,"VALIDATION":"2025-07-14","OBSERVATIO":"N/A","PROVINCE_A":"سيدي بنور","CERCLE_AR":"العونات - بني هلال","COMMUNE_AR":"أولاد بوساكن","DOUAR_AR":"لمدادحة","REF":"DD/SDB/OB/2/2025","LISTE ORMV":"OK","VERSION":"V2","CHEMIN PDF":"Documents_Signés/SIDI BENNOUR/DD_SDB_OB_2_2025.pdf"},"geometry":{"type":"MultiPolygon","coordinates":[[[[243094.16853829662432,222133.673722176579759],[243445.87703953840537,222256.014174405863741],[243570.353951928322203,222249.873761260969331],[243662.380977386637824,222175.677284336765297],[243771.762290062877582,222201.909489247133024],[243897.912049355363706,222223.574379805213539],[243938.948146253300365,222137.987011821649503],[243972.081196747079957,222013.806788034446072],[243881.926514411257813,221956.002244520263048],[243567.816074178379495,222006.589199764159275],[243490.523208435071865,221868.076233851228608],[243306.663672861759551,221839.769764449010836],[243152.277307017327985,221820.702652737905737],[243100.87997999106301,221894.702189169387566],[243078.113140502216993,222047.363343617937062],[243094.16853829662432,222133.673722176579759]]]]}},
{"type":"Feature","properties":{"id":107,"PROVINCE":"SIDI BENNOUR","CERCLE":"LAAOUNATE - BENI HILLAL","COMMUNE":"KHEMISS KSIBA","DOUAR":"REKHESSA","ETAT":"ACHEVEE","SUP EN HA":30.03,"NB HABITAN":270,"CENTROID_X":232882.32,"CENTROID_Y":215297.86,"VALIDATION":"2025-07-14","OBSERVATIO":"N/A","PROVINCE_A":"سيدي بنور","CERCLE_AR":"العونات - بني هلال","COMMUNE_AR":"خميس القصيبة","DOUAR_AR":"الرخصة","REF":"DD/SDB/KKS/1/2025","LISTE ORMV":"OK","VERSION":"V2","CHEMIN PDF":"Documents_Signés/SIDI BENNOUR/DD_SDB_KKS_1_2025.pdf"},"geometry":{"type":"MultiPolygon","coordinates":[[[[232523.734737002581824,214962.911685647181002],[232817.975815930141835,215459.23181633403874],[232840.152341307490133,215501.789317363640293],[232847.145487335714279,215549.873116531874985],[232796.142671181820333,215556.245640175679],[232742.566755388950696,215588.833029933273792],[232721.509904960752465,215598.204142516799038],[232699.032520904118428,215592.728874855412869],[232686.38436703386833,215612.695838585059391],[232735.735568411531858,215629.588915403815918],[232817.035792370326817,215628.916040518612135],[232917.59276787363342,215630.502876492566429],[232910.366474824550096,215698.397372049570549],[232931.294686811132124,215784.5108268695476],[232967.631165424187202,215762.259510876960121],[233102.1083835051395,215700.883633153513074],[233150.809909213799983,215659.206143111077836],[233204.697801949136192,215598.874860822135815],[233244.237011612334754,215569.314428681595018],[232754.687267857807456,214781.448729314783122],[232523.734737002581824,214962.911685647181002]]]]}},
{"type":"Feature","properties":{"id":108,"PROVINCE":"SIDI BENNOUR","CERCLE":"LAAOUNATE - BENI HILLAL","COMMUNE":"KHEMISS KSIBA","DOUAR":"LAKOUAB","ETAT":"ACHEVEE","SUP EN HA":82.57,"NB HABITAN":743,"CENTROID_X":233821.29,"CENTROID_Y":219157.96,"VALIDATION":"2025-07-14","OBSERVATIO":"N/A","PROVINCE_A":"سيدي بنور","CERCLE_AR":"العونات - بني هلال","COMMUNE_AR":"خميس القصيبة","DOUAR_AR":"لقواب","REF":"DD/SDB/KKS/2/2025","LISTE ORMV":"OK","VERSION":"V2","CHEMIN PDF":"Documents_Signés/SIDI BENNOUR/DD_SDB_KKS_2_2025.pdf"},"geometry":{"type":"MultiPolygon","coordinates":[[[[233488.361586968152551,219481.204532886564266],[234135.47679249450448,219780.099337506951997],[234367.398069831426255,219822.466662440856453],[234451.163792507053586,219790.027974787779385],[233725.564109775586985,218316.266630208992865],[233582.25795031976304,218353.873830058757449],[233495.422057585878065,218466.347057068778668],[233476.543851670576259,218759.858643807994667],[233479.474832851032261,218792.044554094143678],[233474.774848816537997,218824.811975545628229],[233463.600817893398926,218852.720548827375751],[233455.472860251000384,218876.069690196716692],[233449.823707400879357,218935.533777223754441],[233446.688002041599248,218977.770398801018018],[233448.245132708194433,219048.414620755589567],[233434.915658907819306,219128.65243072854355],[233385.455132867442444,219252.014215512666851],[233346.066122066404205,219306.657999888702761],[233320.14634907853906,219351.284993588400539],[233368.554283627076074,219425.337469835707452],[233406.932376561453566,219471.833182727452368],[233488.361586968152551,219481.204532886564266]]]]}},
{"type":"Feature","properties":{"id":109,"PROVINCE":"SIDI BENNOUR","CERCLE":"LAAOUNATE - BENI HILLAL","COMMUNE":"KHEMISS KSIBA","DOUAR":"OULED NAJI","ETAT":"ACHEVEE","SUP EN HA":20.58,"NB HABITAN":185,"CENTROID_X":234853.15,"CENTROID_Y":216913.23,"VALIDATION":"2025-07-14","OBSERVATIO":"N/A","PROVINCE_A":"سيدي بنور","CERCLE_AR":"العونات - بني هلال","COMMUNE_AR":"خميس القصيبة","DOUAR_AR":"أولاد الناجي","REF":"DD/SDB/KKS/3/2025","LISTE ORMV":"OK","VERSION":"V2","CHEMIN PDF":"Documents_Signés/SIDI BENNOUR/DD_SDB_KKS_3_2025.pdf"},"geometry":{"type":"MultiPolygon","coordinates":[[[[234576.351309751422377,216980.154804105462972],[234867.932285701157525,217186.935759104846511],[235084.384748844488058,217096.079894411261193],[235135.359005511796568,216838.066831250034738],[234823.020569574553519,216637.834839577088133],[234597.288483665673994,216761.246103934157873],[234576.351309751422377,216980.154804105462972]]]]}},
{"type":"Feature","properties":{"id":110,"PROVINCE":"SIDI BENNOUR","CERCLE":"LAAOUNATE - BENI HILLAL","COMMUNE":"KHEMISS KSIBA","DOUAR":"OULED ABOU","ETAT":"ACHEVEE","SUP EN HA":36.83,"NB HABITAN":331,"CENTROID_X":233599.5,"CENTROID_Y":222355.87,"VALIDATION":"2025-07-14","OBSERVATIO":"N/A","PROVINCE_A":"سيدي بنور","CERCLE_AR":"العونات - بني هلال","COMMUNE_AR":"خميس القصيبة","DOUAR_AR":"أولاد عبو","REF":"DD/SDB/KKS/4/2025","LISTE ORMV":"OK","VERSION":"V2","CHEMIN PDF":"Documents_Signés/SIDI BENNOUR/DD_SDB_KKS_4_2025.pdf"},"geometry":{"type":"MultiPolygon","coordinates":[[[[233421.538905599561986,221966.002955524338176],[233210.660453742108075,222009.255904252437176],[233395.763484904455254,222544.893464967724867],[233567.959885061660316,222500.939985719393007],[233593.907853413402336,222507.260653268458555],[233646.683426483854419,222552.097047978895716],[233718.910306069097714,222837.166488154325634],[233734.603166288434295,222939.838824366859626],[233753.92338062915951,223003.749141936685191],[233772.616640738153365,223087.593846771109384],[233912.144570282311179,223048.633550319849746],[233822.561444409540854,222585.676592595642433],[233754.489874952705577,221973.894287747854833],[233723.596320930257207,221897.577528590802103],[233600.615741903049638,221916.589273132092785],[233421.538905599561986,221966.002955524338176]]]]}},
{"type":"Feature","properties":{"id":111,"PROVINCE":"SIDI BENNOUR","CERCLE":"SIDI BENNOUR","COMMUNE":"BOUHMAME","DOUAR":"LAMJOULINE","ETAT":"ACHEVEE","SUP EN HA":46.32,"NB HABITAN":417,"CENTROID_X":199305.48,"CENTROID_Y":225354.17,"VALIDATION":"2025-07-14","OBSERVATIO":"N/A","PROVINCE_A":"سيدي بنور","CERCLE_AR":"سيدي بنور","COMMUNE_AR":"بوحمام","DOUAR_AR":"لمجولين","REF":"DD/SDB/BHM/1/2025","LISTE ORMV":"OK","VERSION":"V2","CHEMIN PDF":"Documents_Signés/SIDI BENNOUR/DD_SDB_BHM_1_2025.pdf"},"geometry":{"type":"MultiPolygon","coordinates":[[[[198850.000923500658246,225225.588930816127686],[199247.620914827886736,225825.985117404343328],[199752.401938267692458,225558.666987569653429],[199366.70629403158091,224844.058192709315335],[198850.000923500658246,225225.588930816127686]]]]}},
{"type":"Feature","properties":{"id":112,"PROVINCE":"SIDI BENNOUR","CERCLE":"SIDI BENNOUR","COMMUNE":"BOUHMAME","DOUAR":"LAKERAWECHA","ETAT":"ACHEVEE","SUP EN HA":64.73,"NB HABITAN":583,"CENTROID_X":197376.8,"CENTROID_Y":226840.14,"VALIDATION":"2025-07-14","OBSERVATIO":"N/A","PROVINCE_A":"سيدي بنور","CERCLE_AR":"سيدي بنور","COMMUNE_AR":"بوحمام","DOUAR_AR":"لقراوشة","REF":"DD/SDB/BHM/2/2025","LISTE ORMV":"OK","VERSION":"V2","CHEMIN PDF":"Documents_Signés/SIDI BENNOUR/DD_SDB_BHM_2_2025.pdf"},"geometry":{"type":"MultiPolygon","coordinates":[[[[196918.847323129535653,226710.517597754311282],[197116.597166977328015,227257.568763744784519],[197600.475846535031451,227293.688889554934576],[197860.060054087283788,227143.427579792303732],[197791.814971778279869,226940.546628090931335],[197579.43293782992987,226311.403964845841983],[197293.725762696121819,226398.568866339628585],[196936.386186096235178,226553.118785227881745],[196864.145570639171638,226589.099825190904085],[196918.847323129535653,226710.517597754311282]]]]}},
{"type":"Feature","properties":{"id":113,"PROVINCE":"SIDI BENNOUR","CERCLE":"SIDI BENNOUR","COMMUNE":"BOUHMAME","DOUAR":"OULED TOUIRA","ETAT":"ACHEVEE","SUP EN HA":191.49,"NB HABITAN":1723,"CENTROID_X":211663.51,"CENTROID_Y":221292.29,"VALIDATION":"2025-07-14","OBSERVATIO":"N/A","PROVINCE_A":"سيدي بنور","CERCLE_AR":"سيدي بنور","COMMUNE_AR":"بوحمام","DOUAR_AR":"أولاد اطويرة","REF":"DD/SDB/BHM/3/2025","LISTE ORMV":"OK","VERSION":"V2","CHEMIN PDF":"Documents_Signés/SIDI BENNOUR/DD_SDB_BHM_3_2025.pdf"},"geometry":{"type":"MultiPolygon","coordinates":[[[[212036.770725907292217,220630.04778418544447],[211771.90895198204089,220392.299864492990309],[211732.159716920228675,220406.767402890342055],[211661.154032881750027,220482.820383868878707],[211580.27287534243078,220536.497557634720579],[211491.742019440309377,220573.914191120449686],[211365.698933008563472,220669.999148341477849],[211320.666289342392702,220679.464307375252247],[211137.07899613850168,220779.180185938283103],[210756.723961705196416,221061.319790668756468],[210576.627075222902931,221213.436982019920833],[210662.544300308160018,221268.732954865758074],[210792.673540125455474,221359.877441584743792],[211115.264953019679524,221751.479407540464308],[211310.998412438959349,221832.596676744084107],[211430.830634894256946,221885.936674298514845],[211405.981711485073902,221993.667648114904296],[211652.419078853679821,221971.49426438412047],[212265.817379754007561,221968.116445991472574],[212573.935786747693783,221830.000331599963829],[212386.9594457570347,221278.232390857301652],[212401.54503998652217,221246.953483092423994],[212387.757615902897669,221156.747681139677297],[212036.770725907292217,220630.04778418544447]]]]}},
{"type":"Feature","properties":{"id":114,"PROVINCE":"SIDI BENNOUR","CERCLE":"SIDI BENNOUR","COMMUNE":"LAATATRA","DOUAR":"OULED YAALA","ETAT":"ACHEVEE","SUP EN HA":71.9,"NB HABITAN":647,"CENTROID_X":228001.03,"CENTROID_Y":226506.07,"VALIDATION":"2025-07-14","OBSERVATIO":"N/A","PROVINCE_A":"سيدي بنور","CERCLE_AR":"سيدي بنور","COMMUNE_AR":"العطاطرة","DOUAR_AR":"أولاد يعلى","REF":"DD/SDB/LAT/1/2025","LISTE ORMV":"OK","VERSION":"V2","CHEMIN PDF":"Documents_Signés/SIDI BENNOUR/DD_SDB_LAT_1_2025.pdf"},"geometry":{"type":"MultiPolygon","coordinates":[[[[227252.472301787580363,226831.821751387091354],[227309.101385824178578,226925.981037561956327],[227741.559494563320186,226893.783435313438531],[227883.705698653240688,226842.046448110777419],[228023.693778077926254,226776.189682988624554],[228198.869999784859829,226733.298132019350305],[228392.583883797720773,226655.33940874482505],[228634.991170666646212,226543.261938060139073],[228737.652318064938299,226505.896336191566661],[228941.609037697868189,226423.71753399935551],[228682.710320200945716,226356.018088013661327],[228357.323872255918104,226181.067543197685154],[228048.96217336927657,226103.270806950720726],[227904.205573355342494,226028.436952970689163],[227252.472301787580363,226831.821751387091354]]]]}},
{"type":"Feature","properties":{"id":115,"PROVINCE":"SIDI BENNOUR","CERCLE":"SIDI BENNOUR","COMMUNE":"LAATATRA","DOUAR":"OULED BOUBKER","ETAT":"ACHEVEE","SUP EN HA":152.54,"NB HABITAN":1373,"CENTROID_X":227174.61,"CENTROID_Y":227874.79,"VALIDATION":"2025-07-14","OBSERVATIO":"N/A","PROVINCE_A":"سيدي بنور","CERCLE_AR":"سيدي بنور","COMMUNE_AR":"العطاطرة","DOUAR_AR":"أولاد بوبكر","REF":"DD/SDB/LAT/2/2025","LISTE ORMV":"OK","VERSION":"V2","CHEMIN PDF":"Documents_Signés/SIDI BENNOUR/DD_SDB_LAT_2_2025.pdf"},"geometry":{"type":"MultiPolygon","coordinates":[[[[226283.873568124137819,227588.182570948643843],[227052.4378482826869,228554.860575930273626],[227651.500157109869178,228627.774458284839056],[228005.928541870904155,228038.87688796618022],[227061.170916117494926,226995.543468883435708],[226736.036080587102333,227267.807309601164889],[226283.873568124137819,227588.182570948643843]]]]}},
{"type":"Feature","properties":{"id":116,"PROVINCE":"SIDI BENNOUR","CERCLE":"SIDI BENNOUR","COMMUNE":"LAATATRA","DOUAR":"ZBIRATE","ETAT":"ACHEVEE","SUP EN HA":25.35,"NB HABITAN":228,"CENTROID_X":220507.8,"CENTROID_Y":223671.16,"VALIDATION":"2025-07-14","OBSERVATIO":"N/A","PROVINCE_A":"سيدي بنور","CERCLE_AR":"سيدي بنور","COMMUNE_AR":"العطاطرة","DOUAR_AR":"الزبيرات","REF":"DD/SDB/LAT/3/2025","LISTE ORMV":"OK","VERSION":"V2","CHEMIN PDF":"Documents_Signés/SIDI BENNOUR/DD_SDB_LAT_3_2025.pdf"},"geometry":{"type":"MultiPolygon","coordinates":[[[[220718.398410926776705,224016.945829070056789],[220839.846544042695314,223588.601282340503531],[220840.263039264304098,223587.708105455356417],[220621.795821056351997,223498.883870108023984],[220389.083529513358371,223356.659200721041998],[220110.527778267249232,223618.227567456982797],[220372.076905516936677,223831.53083938913187],[220718.398410926776705,224016.945829070056789]]]]}},
{"type":"Feature","properties":{"id":117,"PROVINCE":"SIDI BENNOUR","CERCLE":"SIDI BENNOUR","COMMUNE":"MTAL","DOUAR":"LAGOUADI","ETAT":"ACHEVEE","SUP EN HA":52.49,"NB HABITAN":472,"CENTROID_X":217521.59,"CENTROID_Y":217758.18,"VALIDATION":"2025-07-14","OBSERVATIO":"N/A","PROVINCE_A":"سيدي بنور","CERCLE_AR":"سيدي بنور","COMMUNE_AR":"مطل","DOUAR_AR":"الكوادي","REF":"DD/SDB/MTL/1/2025","LISTE ORMV":null,"VERSION":"V2","CHEMIN PDF":"Documents_Signés/SIDI BENNOUR/DD_SDB_MTL_1_2025.pdf"},"geometry":{"type":"MultiPolygon","coordinates":[[[[217120.034667193714995,217666.945694061287213],[217058.383828058926156,217734.058014737151098],[217530.992777434148593,218245.216277068277122],[217568.091498931171373,218275.297105556237511],[217656.512281833682209,218215.874785712832818],[217663.85562822673819,218200.126928553188918],[217858.022663714771625,218098.947345970285824],[217978.781062470457982,217942.766961766901659],[217985.859117770160083,217917.309339429164538],[217835.628395183855901,217800.922989767219406],[217860.201713877002476,217775.635161139973206],[217819.689543258398771,217739.169586231058929],[217803.824987660482293,217632.715890729887178],[217722.970440133707598,217542.289477518643253],[217664.099903532420285,217545.193545508867828],[217708.927587097161449,217383.961937369866064],[217695.015566535788821,217372.681626686884556],[217620.959649178432301,217199.150945602101274],[217480.760519011237193,217283.956591455673333],[217465.624607384350384,217275.300923632632475],[217401.607349464524304,217326.930678242235444],[217397.589021828607656,217345.826693430106388],[217300.165916663652752,217431.407011508475989],[217223.269534482154995,217414.721755432052305],[217125.927792663220316,217479.570221724250587],[217191.292707105254522,217548.394613541662693],[217120.034667193714995,217666.945694061287213]]]]}},
{"type":"Feature","properties":{"id":118,"PROVINCE":"SIDI BENNOUR","CERCLE":"SIDI BENNOUR","COMMUNE":"MTAL","DOUAR":"OULED HADA","ETAT":"ACHEVEE","SUP EN HA":146.31,"NB HABITAN":1317,"CENTROID_X":224519.53,"CENTROID_Y":217943.83,"VALIDATION":"2025-07-14","OBSERVATIO":"N/A","PROVINCE_A":"سيدي بنور","CERCLE_AR":"سيدي بنور","COMMUNE_AR":"مطل","DOUAR_AR":"أولاد حادة","REF":"DD/SDB/MTL/2/2025","LISTE ORMV":"OK","VERSION":"V2","CHEMIN PDF":"Documents_Signés/SIDI BENNOUR/DD_SDB_MTL_2_2025.pdf"},"geometry":{"type":"MultiPolygon","coordinates":[[[[224217.555333752359729,218747.193285801185993],[224740.492720217152964,218677.615964407828869],[224845.336180829530349,218646.960557225917],[224943.122252079861937,218629.481990041997051],[224790.592674156156136,217924.266829016240081],[224934.184725261817221,217908.228900690621231],[224942.331163311057026,218030.907252007833449],[225297.022682406561216,218025.34242576971883],[225200.566964388650376,217424.743742691527586],[224477.521738992654718,217207.661403499630978],[224395.489509489765624,217527.611466023954563],[224226.757035079004709,217453.000701928540366],[224128.462682892713929,217419.37673545605503],[223880.838772509916453,217356.824061425460968],[223818.182451719883829,217630.857766392204212],[223835.404402739688521,217838.342058228561655],[224060.511610878922511,218254.703062276297715],[224075.575220959464787,218322.784552543074824],[224069.807484448800096,218413.716073578980286],[224095.266453196847579,218590.442262197233504],[224154.471040177828399,218703.529913441831013],[224217.555333752359729,218747.193285801185993]]]]}},
{"type":"Feature","properties":{"id":119,"PROVINCE":"SIDI BENNOUR","CERCLE":"SIDI BENNOUR","COMMUNE":"MTAL","DOUAR":"OULED CHAOUIA","ETAT":"ACHEVEE","SUP EN HA":53.72,"NB HABITAN":483,"CENTROID_X":214086.35,"CENTROID_Y":216796.98,"VALIDATION":"2025-07-14","OBSERVATIO":"N/A","PROVINCE_A":"سيدي بنور","CERCLE_AR":"سيدي بنور","COMMUNE_AR":"مطل","DOUAR_AR":"أولاد الشاوية","REF":"DD/SDB/MTL/3/2025","LISTE ORMV":null,"VERSION":"V2","CHEMIN PDF":"Documents_Signés/SIDI BENNOUR/DD_SDB_MTL_3_2025.pdf"},"geometry":{"type":"MultiPolygon","coordinates":[[[[213682.539449417439755,217071.151830984046683],[213786.368304098694352,216999.413022745226044],[214144.796404812863329,217254.092289777909173],[214645.201287256320938,216769.937928706349339],[214174.218856703548227,216318.587717734393664],[214070.595201603195164,216448.783211290399777],[213969.346725954499561,216665.91126801003702],[213776.727023439656477,216493.699226771830581],[213566.067047440941678,216654.658363060298143],[213602.113129083183594,216827.668424784962554],[213630.341948457353283,216943.821737994789146],[213682.539449417439755,217071.151830984046683]]]]}},
{"type":"Feature","properties":{"id":121,"PROVINCE":"SIDI BENNOUR","CERCLE":"SIDI BENNOUR","COMMUNE":"LMECHERK","DOUAR":"CHEROUAA","ETAT":"ACHEVEE","SUP EN HA":123.62,"NB HABITAN":1113,"CENTROID_X":210588.79,"CENTROID_Y":246331.89,"VALIDATION":"2025-07-14","OBSERVATIO":"REDELIMITER - TOUCHE PAR LA ZONE AGRICOLE REMEMBREE","PROVINCE_A":"سيدي بنور","CERCLE_AR":"سيدي بنور","COMMUNE_AR":"لمشرك","DOUAR_AR":"الشروعة","REF":"DD/SDB/LMK/1/2025","LISTE ORMV":null,"VERSION":"V2","CHEMIN PDF":"Documents_Signés/SIDI BENNOUR/DD_SDB_LMK_1_2025.pdf"},"geometry":{"type":"MultiPolygon","coordinates":[[[[209997.939601232530549,246574.89993680419866],[210286.675723923952319,246638.22774806022062],[210487.897471889620647,246804.045845100743463],[210798.42805356302415,247124.285706385097001],[211091.142563163884915,247017.746337752556428],[211202.485866150498623,246597.686750314023811],[210982.809866509545827,245875.336352907703258],[210400.149351752450457,245667.037567409977783],[209983.029648209281731,245715.565841392963193],[209997.939601232530549,246574.89993680419866]]]]}},
{"type":"Feature","properties":{"id":122,"PROVINCE":"SIDI BENNOUR","CERCLE":"SIDI BENNOUR","COMMUNE":"LMECHERK","DOUAR":"ZEMRANE","ETAT":"ACHEVEE","SUP EN HA":52.24,"NB HABITAN":470,"CENTROID_X":209603.73,"CENTROID_Y":243815.56,"VALIDATION":"2025-07-14","OBSERVATIO":"REDELIMITER - TOUCHE PAR LA ZONE AGRICOLE REMEMBREE","PROVINCE_A":"سيدي بنور","CERCLE_AR":"سيدي بنور","COMMUNE_AR":"لمشرك","DOUAR_AR":"الزمران","REF":"DD/SDB/LMK/2/2025","LISTE ORMV":null,"VERSION":"V2","CHEMIN PDF":"Documents_Signés/SIDI BENNOUR/DD_SDB_LMK_2_2025.pdf"},"geometry":{"type":"MultiPolygon","coordinates":[[[[209327.310078327544034,243936.095085913111689],[209657.096647737693274,244231.89783467471716],[209771.856064786028583,244328.448062384821242],[210013.576728181709768,243987.213868060032837],[210193.649109532037983,243731.00079017895041],[210012.68571081632399,243642.304425969312433],[209873.921095415716991,243631.539422845293302],[209744.899103345640469,243606.860511631355621],[209399.352738921559649,243491.62491483121994],[209322.090623090567533,243464.045947558537591],[209123.033120663196314,243388.57481636304874],[209100.725720722548431,243419.61048113956349],[209072.843773691274691,243511.254079227888724],[209063.401043611665955,243592.193222082685679],[209059.567740356957074,243639.620549684943398],[209062.366237262845971,243667.499786299013067],[209075.949777624133276,243690.258934403362218],[209090.635076348175062,243712.061561486305436],[209124.043293150258251,243746.629730077082058],[209327.310078327544034,243936.095085913111689]]]]}},
{"type":"Feature","properties":{"id":123,"PROVINCE":"SIDI BENNOUR","CERCLE":"SIDI BENNOUR","COMMUNE":"OULED SI BOUHYA","DOUAR":"CHKHACHKHA - HROCH RMEL","ETAT":"ACHEVEE","SUP EN HA":197.14,"NB HABITAN":1774,"CENTROID_X":227244.25,"CENTROID_Y":243879.51,"VALIDATION":"2025-07-14","OBSERVATIO":"N/A","PROVINCE_A":"سيدي بنور","CERCLE_AR":"سيدي بنور","COMMUNE_AR":"أولاد سيدي بويحية","DOUAR_AR":"الشخاشخة - حروش الرمل","REF":"DD/SDB/OSB/1/2025","LISTE ORMV":"OK","VERSION":"V2","CHEMIN PDF":"Documents_Signés/SIDI BENNOUR/DD_SDB_OSB_1_2025.pdf"},"geometry":{"type":"MultiPolygon","coordinates":[[[[226493.094849243003409,244356.152547653357033],[226764.781437406374607,244647.167001241730759],[227952.365675703360466,244523.10634401103016],[227969.859262958838372,244096.487395059812116],[227716.651742765010567,242906.879393608629471],[226986.633474589558318,243114.216007597889984],[226978.591620682709618,243175.51130914548412],[226942.445020376326283,243275.052688750758534],[226843.517524483468151,243413.787571337277768],[226458.047500038315775,243733.861569216474891],[226402.406462193379411,243831.159414844005369],[226396.259458133688895,243961.807014765450731],[226488.547209609823767,244189.707031556143193],[226493.094849243003409,244356.152547653357033]]]]}},
{"type":"Feature","properties":{"id":124,"PROVINCE":"SIDI BENNOUR","CERCLE":"SIDI BENNOUR","COMMUNE":"JABERIA","DOUAR":"LAFHAYLATE","ETAT":"ACHEVEE","SUP EN HA":295.0,"NB HABITAN":2655,"CENTROID_X":224048.94,"CENTROID_Y":219525.39,"VALIDATION":"2025-07-14","OBSERVATIO":"N/A","PROVINCE_A":"سيدي بنور","CERCLE_AR":"سيدي بنور","COMMUNE_AR":"الجابرية","DOUAR_AR":"لفحيلات","REF":"DD/SDB/JBR/1/2025","LISTE ORMV":"OK","VERSION":"V2","CHEMIN PDF":"Documents_Signés/SIDI BENNOUR/DD_SDB_JBR_1_2025.pdf"},"geometry":{"type":"MultiPolygon","coordinates":[[[[224361.403404559241608,218779.106685138889588],[224210.320029057445936,218762.225339416385395],[223664.685723026108462,219040.625959845783655],[223336.049742789182346,219234.110131014371291],[222415.340908943035174,219502.598551463219337],[222440.640133299806621,219682.985385612148093],[222442.883926685724873,220030.291013094538357],[222542.038803447037935,220231.679931438469794],[222859.398920588311739,220074.460267531918362],[223392.346957572153769,220102.727274961245712],[223820.799476932908874,220017.574571805424057],[224313.119196835439652,219987.821543230762472],[224924.816206175717525,219946.842750354640884],[225261.414933227060828,220058.653140978247393],[225563.280478673987091,219962.925921971676871],[225217.191374775022268,218964.190577444154769],[224965.669577655848116,218970.209854713466484],[224899.199740293901414,218739.984311170730507],[224361.403404559241608,218779.106685138889588]]]]}},
{"type":"Feature","properties":{"id":125,"PROVINCE":"SIDI BENNOUR","CERCLE":"SIDI BENNOUR","COMMUNE":"JABRIA","DOUAR":"HAIDATE","ETAT":"ACHEVEE","SUP EN HA":215.19,"NB HABITAN":1937,"CENTROID_X":223025.98,"CENTROID_Y":223552.4,"VALIDATION":"2025-07-14","OBSERVATIO":"N/A","PROVINCE_A":"سيدي بنور","CERCLE_AR":"سيدي بنور","COMMUNE_AR":"الجابرية","DOUAR_AR":"الحيدات","REF":"DD/SDB/JBR/1/2025","LISTE ORMV":"OK","VERSION":"V2","CHEMIN PDF":"Documents_Signés/SIDI BENNOUR/DD_SDB_JBR_1_2025.pdf"},"geometry":{"type":"MultiPolygon","coordinates":[[[[223127.958608517365064,224417.089094541443046],[223883.325353164051194,224174.083628743770532],[224031.104777676693629,224053.105143139138818],[223990.90473035373725,223883.431097844353644],[223725.979310306720436,223122.654852941632271],[223244.42834945442155,222998.545889642555267],[222923.68416116485605,222871.382756679726299],[222826.003669952449854,222791.129180702235317],[222590.325317782990169,222782.787315951834898],[222416.67669108271366,222782.126689096272457],[222319.118108205264434,222800.81104749761289],[222081.17158847648534,222966.044749369320925],[222065.978377594146878,223469.921326325769769],[222185.18719379112008,223756.266020741255488],[222534.636115781962872,223876.307713060028618],[223127.958608517365064,224417.089094541443046]]]]}},
{"type":"Feature","properties":{"id":126,"PROVINCE":"SIDI BENNOUR","CERCLE":"SIDI BENNOUR","COMMUNE":"LAATATRA","DOUAR":"LAMSAKHNA","ETAT":"ACHEVEE","SUP EN HA":211.96,"NB HABITAN":1908,"CENTROID_X":224515.31,"CENTROID_Y":231874.87,"VALIDATION":"2024-09-21","OBSERVATIO":"N/A","PROVINCE_A":"سيدي بنور","CERCLE_AR":"سيدي بنور","COMMUNE_AR":"العطاطرة","DOUAR_AR":"لمساخنة","REF":"DD/SDB/LAT/1/2024","LISTE ORMV":null,"VERSION":"V1","CHEMIN PDF":"Documents_Signés/SIDI BENNOUR/DD_SDB_LAT_1_2024.pdf"},"geometry":{"type":"MultiPolygon","coordinates":[[[[225456.740008572989609,231385.874885608529439],[225444.538889796793228,231392.056808417662978],[225346.55287245704676,231304.891441486048279],[225291.654165522806579,231262.489877347252332],[225266.129543086135527,231239.072114718786906],[225249.529113807686372,231208.53629538603127],[225211.23046360531589,231124.985770369123202],[224803.141241040371824,231332.382208360999357],[224759.641034511791077,231270.257475114311092],[224654.384176601015497,231320.813144028797979],[224428.316962217184482,231272.573783422500128],[224009.168331793596735,231238.460224421694875],[223846.202443350572139,231295.595456736424239],[223617.30958872064366,231548.451864762319019],[223672.889471179136308,231696.482683361828094],[223622.608943841856671,231850.980289295897819],[223693.634507741546258,232232.118907831376418],[223850.295974361506524,232377.029108829243341],[223865.010451018257299,232507.382239737286],[223881.888788360869512,232732.36504430588684],[223980.360366518347291,232862.825992335012415],[224017.742031798552489,232745.847622469736962],[224100.301947418396594,232728.989120905462187],[224105.443895972683094,232759.217424567847047],[224371.277229509316385,232653.199608205148252],[224327.772064036136726,232555.469152721256251],[224563.494828920607688,232442.04762788649532],[224760.884130553691648,232474.75828465342056],[225646.164058791211573,231872.683202739513945],[225472.649049551604548,231680.818808358977549],[225463.409890701557742,231400.634121085517108],[225456.740008572989609,231385.874885608529439]]]]}},
{"type":"Feature","properties":{"id":127,"PROVINCE":"SIDI BENNOUR","CERCLE":"SIDI BENNOUR","COMMUNE":"BOUHMAME","DOUAR":"LEHLALFA","ETAT":"ACHEVEE","SUP EN HA":114.76,"NB HABITAN":1033,"CENTROID_X":206353.9,"CENTROID_Y":226524.28,"VALIDATION":"2024-09-21","OBSERVATIO":"N/A","PROVINCE_A":"سيدي بنور","CERCLE_AR":"سيدي بنور","COMMUNE_AR":"بوحمام","DOUAR_AR":"الحلالفة","REF":"DD/SDB/BHM/1/2024","LISTE ORMV":null,"VERSION":"V1","CHEMIN PDF":"Documents_Signés/SIDI BENNOUR/DD_SDB_BHM_1_2024.pdf"},"geometry":{"type":"MultiPolygon","coordinates":[[[[205572.09,225616.200000000011642],[205458.66,225864.26],[205603.51,225924.07],[205904.38,225878.94],[205878.82,227040.69],[206435.34,227124.24],[206536.97,227221.44],[207200.049999999988358,226489.81],[206898.54,226210.079999999987194],[206806.385302142618457,226330.231537407205906],[206756.954394446191145,226304.93349301253329],[206699.79,226284.21],[206363.43,226052.66],[205907.49,225867.54],[205572.09,225616.200000000011642]]]]}}
]
}
